Employee_ID,Age,Gender,Department,Job_Role,Education_Level,Total_Experience_Years,Years_at_Company,Monthly_Salary_INR,Weekly_Work_Hours,Overtime_Hours_Weekly,Projects_Handled,Task_Completion_Pct,Attendance_Pct,Manager_Rating,Satisfaction_Score,Burnout_Risk_Level,Work_From_Home_Pct,Training_Hours_Last_Year,Promotion_Last_2Years,Attrition
EMP-1001,35,Male,Finance,Investment Analyst,Master,0.6,0.4,76963,34.2,0.0,1,78.0,90.1,3.4,6.8,Low,50,4,No,No
EMP-1002,28,Male,Finance,Risk Manager,Diploma,3.5,3.0,141494,66.9,26.9,10,65.6,90.2,3.1,7.5,High,0,46,No,Yes
EMP-1003,29,Male,R&D,Innovation Lead,Bachelor,4.6,0.3,202676,45.2,5.2,4,85.6,91.4,3.5,6.6,Medium,80,15,No,No
EMP-1004,21,Male,Sales,Sales Executive,Bachelor,0.5,0.3,46999,45.2,5.2,3,89.2,97.5,4.0,7.2,Low,40,21,No,No
EMP-1005,34,Male,Human Resources,HR Business Partner,Master,7.0,1.8,145891,34.8,0.0,2,80.2,93.2,3.2,7.7,Low,100,17,No,No
EMP-1006,22,Female,Technology,Data Scientist,Master,1.0,0.4,78710,56.9,16.9,10,64.2,90.0,3.2,2.5,High,80,6,No,Yes
EMP-1007,24,Male,Sales,Sales Executive,Bachelor,1.0,0.4,71361,42.4,2.4,5,71.1,92.7,3.5,6.9,Low,0,53,No,No
EMP-1008,44,Male,Technology,Senior Developer,Master,0.5,0.3,57700,43.9,3.9,3,78.6,90.1,3.7,6.9,Low,60,17,Yes,No
EMP-1009,26,Male,Technology,Cloud Architect,PhD,0.8,0.4,119102,66.6,26.6,10,84.4,92.9,4.0,2.4,Medium,40,36,No,Yes
EMP-1010,32,Female,Operations,Process Improvement Manager,Bachelor,11.0,9.4,280670,48.0,8.0,2,90.3,96.3,3.9,9.7,Low,20,37,No,No
EMP-1011,26,Male,Operations,Operations Associate,Bachelor,5.0,1.4,116869,42.7,2.7,4,98.1,86.0,4.2,6.9,Low,60,11,No,No
EMP-1012,35,Female,R&D,Product Designer,PhD,2.2,1.3,106422,54.8,14.8,11,42.0,90.3,2.9,4.3,High,100,19,Yes,Yes
EMP-1013,25,Male,Operations,Supply Chain Analyst,Master,0.8,0.6,44727,38.0,0.0,5,90.6,99.8,4.4,6.1,Medium,60,37,No,No
EMP-1014,44,Female,Finance,Payroll Specialist,Bachelor,0.9,0.9,65981,43.8,3.8,2,80.8,96.1,3.6,4.1,Low,0,26,No,No
EMP-1015,31,Male,Human Resources,Talent Development Lead,Bachelor,7.5,2.0,202639,50.5,10.5,11,96.0,90.5,4.0,2.8,Medium,50,35,Yes,No
EMP-1016,40,Female,Operations,Operations Director,Bachelor,1.6,0.7,85615,58.3,18.3,11,96.0,89.2,4.1,7.5,High,0,30,No,Yes
EMP-1017,33,Male,Sales,Enterprise Sales Lead,Bachelor,4.8,4.5,155382,40.2,0.2,4,95.6,94.9,3.9,10.0,Medium,40,31,No,No
EMP-1018,30,Female,Technology,Senior Developer,Master,0.5,0.4,68552,34.6,0.0,1,82.3,82.2,4.1,8.2,Low,50,43,No,No
EMP-1019,35,Male,Human Resources,Compensation & Benefits Specialist,Master,7.4,1.9,157046,38.0,0.0,2,93.3,94.4,4.2,6.5,Low,100,46,No,No
EMP-1020,38,Male,Finance,Risk Manager,PhD,8.4,1.1,246014,48.0,8.0,2,97.4,94.0,4.2,7.8,Low,0,30,Yes,No
EMP-1021,37,Female,Customer Support,Support Team Lead,Master,1.5,1.4,58961,46.6,6.6,5,99.1,92.7,4.1,3.8,Medium,0,15,No,Yes
EMP-1022,31,Female,Operations,Operations Associate,Bachelor,2.8,1.4,83030,39.3,0.0,2,94.4,92.1,4.0,7.0,High,100,51,No,No
EMP-1023,34,Female,Human Resources,HR Business Partner,Bachelor,1.8,1.7,70268,46.2,6.2,5,99.2,89.0,3.9,5.1,Low,40,18,No,No
EMP-1024,31,Male,Human Resources,Compensation & Benefits Specialist,Bachelor,10.0,4.3,195852,65.7,25.7,7,73.0,91.4,3.6,4.5,Medium,40,10,No,No
EMP-1025,33,Male,Marketing,Content Strategist,Bachelor,7.6,7.0,154567,40.1,0.1,2,75.6,95.4,4.0,8.9,Low,40,42,Yes,No
EMP-1026,33,Male,Sales,Regional Sales Manager,Bachelor,11.5,4.8,304288,49.5,9.5,11,91.0,92.7,4.4,5.3,High,100,43,No,Yes
EMP-1027,40,Male,Operations,Operations Associate,Master,2.8,1.8,69824,42.3,2.3,2,81.7,95.1,3.3,5.2,Low,50,4,No,No
EMP-1028,41,Female,Operations,Operations Associate,Bachelor,6.1,1.2,126473,50.7,10.7,5,85.0,90.2,3.8,2.8,High,40,14,Yes,Yes
EMP-1029,31,Female,Operations,Process Improvement Manager,Master,7.6,1.6,203231,56.0,16.0,10,63.1,90.4,3.3,5.6,High,0,28,No,No
EMP-1030,26,Male,Technology,Senior Developer,Bachelor,1.5,0.6,85348,42.3,2.3,3,88.2,82.4,3.8,4.6,Low,60,54,No,No
EMP-1031,27,Male,Human Resources,Talent Development Lead,Bachelor,2.5,1.7,90309,46.1,6.1,2,68.3,93.6,3.7,6.6,Medium,100,45,No,No
EMP-1032,31,Male,Sales,Account Executive,Master,1.1,0.5,68048,33.8,0.0,2,83.1,88.6,3.8,4.0,Low,50,29,No,No
EMP-1033,38,Other,Sales,Account Executive,Bachelor,6.3,4.8,137023,38.0,0.0,2,82.0,99.8,3.8,5.4,Medium,100,9,No,Yes
EMP-1034,28,Female,Marketing,Growth Marketing Manager,Bachelor,7.0,4.7,197444,41.5,1.5,5,90.9,94.2,4.4,8.3,Low,50,50,No,No
EMP-1035,33,Male,Finance,Chartered Accountant,Bachelor,12.0,7.6,237781,35.5,0.0,1,82.7,96.8,4.2,9.8,Low,60,19,No,No
EMP-1036,29,Male,Operations,Operations Director,Master,0.8,0.4,67860,43.9,3.9,3,85.4,96.2,4.5,6.9,Low,80,22,No,No
EMP-1037,34,Male,Finance,Risk Manager,Master,3.9,2.5,155749,45.3,5.3,5,91.9,89.8,4.0,8.7,Low,20,18,No,No
EMP-1038,38,Female,Human Resources,HR Executive,Bachelor,8.5,5.2,166674,38.9,0.0,4,80.0,91.6,3.3,8.8,Low,0,23,No,No
EMP-1039,23,Female,Finance,Risk Manager,Bachelor,2.0,0.5,109358,41.9,1.9,2,73.6,90.1,3.9,5.6,Low,50,6,No,No
EMP-1040,41,Male,Finance,Risk Manager,Master,3.2,1.4,129016,65.4,25.4,11,81.2,90.2,4.2,4.6,High,100,25,No,No
EMP-1041,36,Male,Sales,Sales Executive,Bachelor,0.6,0.5,50232,61.4,21.4,11,82.7,97.6,4.1,5.8,High,100,4,Yes,No
EMP-1042,26,Male,Operations,Operations Director,Bachelor,4.8,2.1,138088,39.4,0.0,5,94.6,97.4,4.2,6.2,Medium,20,25,No,No
EMP-1043,25,Male,Technology,Senior Developer,Bachelor,4.0,2.6,118328,40.9,0.9,3,91.5,93.4,4.5,7.3,Low,80,14,No,No
EMP-1044,31,Male,Operations,Operations Director,Bachelor,10.0,8.8,268857,48.0,8.0,2,95.6,83.9,3.8,6.4,Medium,100,21,No,No
EMP-1045,39,Male,Human Resources,Technical Recruiter,Diploma,0.8,0.5,58833,65.0,25.0,5,50.3,96.3,2.8,1.1,High,0,26,No,Yes
EMP-1046,38,Male,Operations,Supply Chain Analyst,Diploma,8.6,6.0,162241,37.1,0.0,1,88.9,99.0,4.5,8.7,Low,80,23,Yes,No
EMP-1047,21,Male,Customer Support,Customer Success Manager,Bachelor,0.5,0.4,37268,62.9,22.9,7,89.8,91.2,3.9,3.7,High,80,34,Yes,Yes
EMP-1048,32,Male,Technology,DevOps Engineer,Bachelor,2.9,1.7,114649,47.2,7.2,2,75.7,95.6,3.9,8.2,Medium,60,24,No,No
EMP-1049,48,Male,Operations,Operations Director,Bachelor,2.8,0.4,104924,38.0,0.0,3,71.0,87.0,3.1,6.5,Low,100,32,No,No
EMP-1050,31,Female,Sales,Regional Sales Manager,Master,1.4,1.2,88227,49.9,9.9,5,66.2,89.2,3.3,3.1,High,100,41,No,Yes
EMP-1051,28,Male,Marketing,SEO Specialist,Bachelor,4.9,2.9,114454,41.0,1.0,5,85.0,88.5,4.2,6.8,Medium,40,24,No,No
EMP-1052,27,Female,R&D,Research Scientist,Bachelor,3.6,2.2,120529,46.5,6.5,2,100.0,89.7,4.2,7.1,Medium,20,9,No,No
EMP-1053,27,Male,Operations,Logistics Coordinator,Master,6.0,0.4,127746,43.1,3.1,4,93.4,91.6,4.0,5.7,Low,50,20,Yes,No
EMP-1054,26,Female,Technology,Data Scientist,Bachelor,5.0,1.8,142059,66.8,26.8,8,89.0,87.9,4.0,4.5,Medium,40,15,No,Yes
EMP-1055,45,Female,R&D,Innovation Lead,Master,2.7,0.4,142560,40.3,0.3,4,74.9,82.2,3.6,8.0,Low,60,17,No,No
EMP-1056,36,Male,Operations,Process Improvement Manager,Bachelor,5.6,2.3,165315,45.9,5.9,4,89.3,91.4,4.2,6.6,Medium,50,44,No,No
EMP-1057,35,Female,Technology,QA Automation Engineer,Master,5.4,0.9,146657,66.5,26.5,7,55.2,99.8,3.6,3.9,Medium,20,6,No,No
EMP-1058,34,Female,Finance,Chartered Accountant,Bachelor,3.3,0.2,104552,39.9,0.0,5,92.4,92.8,4.3,8.7,High,60,20,No,Yes
EMP-1059,32,Male,Finance,Chartered Accountant,Master,0.5,0.3,57737,41.4,1.4,3,87.6,93.8,4.3,7.4,Low,60,5,No,No
EMP-1060,37,Male,Human Resources,Talent Development Lead,Master,0.5,0.5,83875,43.3,3.3,2,76.8,99.8,4.1,6.6,Medium,50,5,No,No
EMP-1061,38,Female,R&D,Research Scientist,Bachelor,4.5,3.3,137535,61.9,21.9,9,80.8,89.6,4.1,4.4,High,60,20,No,Yes
EMP-1062,21,Female,Sales,Account Executive,Master,0.5,0.5,72263,45.0,5.0,3,81.1,81.8,3.5,4.5,Low,60,31,No,No
EMP-1063,31,Male,Human Resources,Technical Recruiter,Bachelor,10.0,4.6,198795,38.1,0.0,4,94.9,91.4,4.2,7.4,Low,50,22,No,No
EMP-1064,32,Male,Technology,Senior Developer,Bachelor,9.7,4.3,196027,39.3,0.0,5,73.4,98.6,4.1,7.7,Low,60,26,No,No
EMP-1065,31,Male,Sales,Regional Sales Manager,Bachelor,10.0,0.6,262872,57.6,17.6,9,84.8,99.8,4.0,7.3,High,0,5,No,Yes
EMP-1066,35,Male,Sales,Enterprise Sales Lead,PhD,7.3,1.4,216471,53.5,13.5,11,86.2,95.2,4.1,2.7,Medium,50,28,No,No
EMP-1067,36,Male,Human Resources,Talent Development Lead,Master,6.0,3.5,179626,33.7,0.0,1,86.1,94.3,4.1,7.5,Low,50,30,No,No
EMP-1068,34,Female,Operations,Supply Chain Analyst,Master,3.1,2.6,87853,55.2,15.2,8,45.7,96.7,3.5,2.3,High,50,37,No,Yes
EMP-1069,52,Female,Human Resources,Technical Recruiter,Diploma,10.3,9.4,194597,29.4,0.0,2,100.0,99.4,4.7,9.0,Low,80,20,No,Yes
EMP-1070,34,Male,R&D,AI/ML Research Engineer,Bachelor,5.3,2.9,152768,43.3,3.3,3,92.7,88.1,4.0,9.2,Low,20,12,No,No
EMP-1071,35,Male,Technology,Senior Developer,PhD,3.0,0.4,105037,28.0,0.0,2,83.5,93.0,3.7,9.2,Low,60,16,No,No
EMP-1072,26,Male,R&D,Innovation Lead,Master,5.0,3.4,184358,41.6,1.6,2,91.6,94.8,4.1,5.2,Low,0,22,No,No
EMP-1073,28,Male,Sales,Account Executive,Bachelor,1.8,1.2,77326,48.0,8.0,4,91.1,99.4,4.1,6.3,High,0,21,No,Yes
EMP-1074,25,Male,Finance,Risk Manager,Master,4.0,0.5,177658,48.0,8.0,5,96.3,87.0,4.7,8.2,Low,50,29,Yes,No
EMP-1075,27,Female,Customer Support,Customer Support Specialist,Bachelor,3.0,2.5,82420,54.7,14.7,8,67.0,97.0,3.7,1.0,Medium,20,16,No,No
EMP-1076,33,Female,Marketing,SEO Specialist,Master,6.8,0.4,138570,36.9,0.0,1,95.4,93.0,4.3,6.4,Low,80,22,No,No
EMP-1077,32,Female,Human Resources,Talent Development Lead,Bachelor,11.0,9.6,275073,40.6,0.6,2,83.0,90.2,3.9,6.5,Low,100,30,No,No
EMP-1078,27,Female,Finance,Financial Analyst,Master,2.8,0.6,102572,28.2,0.0,1,82.3,90.8,3.9,7.4,Low,50,32,Yes,Yes
EMP-1079,29,Male,Human Resources,HR Business Partner,Bachelor,1.2,0.4,74696,42.1,2.1,4,83.2,89.9,3.8,6.1,Low,60,24,No,No
EMP-1080,27,Male,Human Resources,Talent Development Lead,Master,6.0,4.4,173820,47.5,7.5,4,84.0,90.0,3.1,8.7,Medium,0,34,No,No
EMP-1081,26,Female,Technology,QA Automation Engineer,Master,1.2,0.3,81482,40.8,0.8,2,86.2,92.0,4.5,5.1,Low,40,13,No,No
EMP-1082,21,Female,Customer Support,Customer Support Specialist,PhD,0.5,0.2,44688,41.9,1.9,5,96.2,99.0,4.8,9.0,Medium,0,9,No,No
EMP-1083,32,Male,Operations,Operations Director,Master,5.9,4.8,147548,43.2,3.2,5,95.8,98.5,4.6,7.9,Low,40,31,No,No
EMP-1084,40,Male,Technology,Tech Lead,Bachelor,17.7,7.3,431102,58.0,18.0,6,95.4,94.0,4.4,5.4,High,0,36,No,No
EMP-1085,21,Male,Technology,Software Engineer,Bachelor,0.5,0.5,79556,38.0,0.0,4,85.2,94.2,3.9,8.6,Medium,80,43,No,No
EMP-1086,26,Male,Operations,Process Improvement Manager,Bachelor,5.0,0.7,163782,37.2,0.0,1,83.2,94.3,4.4,9.3,Low,50,4,No,No
EMP-1087,32,Female,R&D,Product Designer,Bachelor,1.0,0.6,90974,45.4,5.4,4,83.1,99.8,4.1,8.8,Low,60,17,No,No
EMP-1088,24,Female,Technology,Senior Developer,Master,0.5,0.4,78053,46.8,6.8,3,69.7,93.9,3.8,5.7,Medium,40,44,Yes,No
EMP-1089,27,Male,Finance,Financial Analyst,Master,6.0,3.2,140967,43.7,3.7,5,94.2,96.5,4.1,9.3,Medium,50,37,No,No
EMP-1090,27,Male,Sales,Enterprise Sales Lead,Bachelor,3.1,0.5,133042,38.0,0.0,5,82.2,86.4,3.8,5.6,Low,60,27,No,No
EMP-1091,23,Female,Operations,Operations Director,Master,2.0,0.3,91683,44.5,4.5,5,97.6,92.7,4.9,6.6,Low,50,34,No,No
EMP-1092,37,Female,Technology,Cloud Architect,Bachelor,0.5,0.3,87876,38.9,0.0,5,99.0,92.7,4.1,6.4,Medium,0,25,No,No
EMP-1093,24,Female,R&D,AI/ML Research Engineer,Bachelor,0.8,0.7,92298,41.1,1.1,2,91.0,95.0,4.1,5.2,Low,60,14,No,No
EMP-1094,29,Female,Technology,Cloud Architect,Bachelor,8.0,2.0,254596,38.0,0.0,3,79.9,94.9,4.1,6.8,Low,50,45,No,No
EMP-1095,25,Male,Sales,Business Development Associate,Diploma,4.0,2.1,114318,41.1,1.1,5,87.3,91.4,3.5,4.7,Medium,100,23,No,No
EMP-1096,27,Male,Sales,Business Development Associate,Bachelor,0.5,0.3,53295,55.8,15.8,5,90.6,94.2,4.4,3.3,High,50,21,No,Yes
EMP-1097,48,Male,Marketing,Growth Marketing Manager,Bachelor,2.5,1.9,115588,39.2,0.0,2,78.0,94.9,3.7,8.6,Low,20,35,Yes,No
EMP-1098,28,Female,Sales,Sales Executive,Diploma,2.3,0.8,73920,35.2,0.0,1,81.9,82.6,3.5,9.4,Low,50,18,No,No
EMP-1099,38,Male,Marketing,Digital Marketing Specialist,Bachelor,2.4,1.2,88526,47.3,7.3,2,89.6,91.3,3.9,7.5,Low,0,12,No,No
EMP-1100,35,Male,Technology,Cloud Architect,Master,1.3,0.6,127958,40.5,0.5,2,95.4,94.1,4.5,7.9,Low,50,22,No,No
EMP-1101,25,Male,Sales,Regional Sales Manager,Master,3.6,0.3,133861,34.7,0.0,2,84.9,94.3,4.2,7.5,Low,40,17,No,No
EMP-1102,21,Male,Operations,Operations Director,Master,0.5,0.3,71836,41.1,1.1,3,92.4,89.7,4.1,8.1,Medium,100,18,No,No
EMP-1103,43,Male,Technology,DevOps Engineer,Bachelor,0.5,0.5,71618,67.2,27.2,9,77.4,86.2,3.6,3.3,High,40,19,No,Yes
EMP-1104,29,Male,Marketing,Growth Marketing Manager,Bachelor,0.6,0.4,98525,41.8,1.8,4,84.8,93.3,3.8,8.3,Low,100,21,No,No
EMP-1105,21,Male,Human Resources,HR Business Partner,Bachelor,0.5,0.4,54484,43.6,3.6,2,100.0,92.0,4.6,7.6,Low,0,13,No,No
EMP-1106,33,Female,R&D,Research Scientist,Bachelor,3.3,3.1,117078,38.2,0.0,2,98.8,90.5,4.4,8.1,Low,40,25,No,Yes
EMP-1107,28,Male,Finance,Payroll Specialist,Bachelor,3.0,2.3,105339,41.9,1.9,3,93.8,91.4,4.1,7.2,Low,60,26,No,No
EMP-1108,42,Male,Marketing,Digital Marketing Specialist,Bachelor,3.7,2.2,86954,45.3,5.3,5,83.8,93.2,3.7,8.5,Low,80,7,No,No
EMP-1109,35,Male,Human Resources,HR Executive,Bachelor,4.8,1.9,126492,45.5,5.5,5,78.3,93.9,3.1,7.6,Low,40,29,No,No
EMP-1110,40,Female,Sales,Business Development Associate,Bachelor,0.6,0.3,58909,50.9,10.9,10,58.6,91.1,2.6,5.0,Medium,100,19,No,No
EMP-1111,26,Other,Finance,Payroll Specialist,Master,0.9,0.2,71762,42.4,2.4,2,91.6,95.2,3.6,7.5,Low,40,17,No,No
EMP-1112,33,Male,Finance,Payroll Specialist,Bachelor,4.8,4.8,137051,64.5,24.5,8,86.6,85.7,4.0,4.7,High,40,23,No,Yes
EMP-1113,28,Female,Customer Support,Customer Support Specialist,Bachelor,3.4,0.3,86750,61.9,21.9,5,79.3,91.5,4.1,7.1,High,50,23,No,Yes
EMP-1114,21,Male,Technology,Cloud Architect,Master,0.5,0.5,129307,44.1,4.1,2,78.3,89.0,3.4,9.1,Low,0,13,No,No
EMP-1115,39,Male,Operations,Supply Chain Analyst,Master,0.8,0.4,60706,39.1,0.0,2,96.2,85.9,4.2,5.9,Medium,60,25,No,No
EMP-1116,30,Male,Operations,Logistics Coordinator,Bachelor,9.0,8.5,168386,67.1,27.1,7,85.1,90.5,4.1,4.9,Medium,50,29,No,Yes
EMP-1117,27,Female,Marketing,Growth Marketing Manager,Master,2.9,2.6,118889,38.0,0.0,2,82.7,96.1,4.0,9.1,Low,50,26,No,No
EMP-1118,40,Male,Sales,Business Development Associate,Bachelor,4.6,0.7,118397,36.4,0.0,2,78.0,93.5,3.5,8.2,Low,0,37,No,Yes
EMP-1119,25,Female,Technology,Tech Lead,Bachelor,4.0,0.5,190732,43.2,3.2,3,88.6,93.7,4.3,5.3,Low,40,22,No,No
EMP-1120,26,Male,Operations,Supply Chain Analyst,Bachelor,5.0,1.1,117578,34.4,0.0,1,80.0,95.8,4.2,6.7,Low,0,28,No,No
EMP-1121,31,Female,Sales,Account Executive,Master,0.5,0.5,58899,38.0,0.0,2,100.0,96.0,4.1,6.3,Medium,60,15,No,No
EMP-1122,29,Male,Finance,Payroll Specialist,Master,3.5,2.1,116265,44.5,4.5,4,77.4,91.7,3.4,4.6,Low,50,33,No,Yes
EMP-1123,21,Male,Sales,Business Development Associate,Bachelor,0.5,0.3,50756,65.3,25.3,10,83.4,95.6,3.8,2.9,Medium,0,17,No,No
EMP-1124,43,Female,Sales,Business Development Associate,Master,4.4,3.9,127582,43.9,3.9,5,73.7,88.8,3.5,8.6,Low,60,4,No,Yes
EMP-1125,45,Male,Customer Support,Customer Support Specialist,Bachelor,4.5,3.5,103497,62.8,22.8,11,60.1,86.3,3.2,4.8,High,80,8,No,Yes
EMP-1126,42,Male,Finance,Payroll Specialist,Master,4.3,0.4,128708,46.7,6.7,2,85.3,83.9,3.9,5.3,High,50,17,No,No
EMP-1127,33,Male,Sales,Account Executive,Bachelor,4.5,3.9,122402,37.5,0.0,2,78.9,95.6,3.3,7.5,Low,50,29,No,Yes
EMP-1128,35,Male,Human Resources,Technical Recruiter,Bachelor,6.6,2.7,146395,46.5,6.5,3,92.3,86.6,3.8,6.4,Low,50,29,No,No
EMP-1129,37,Female,Technology,Senior Developer,Master,0.5,0.4,56375,58.8,18.8,7,62.5,99.8,2.9,2.7,High,50,15,Yes,Yes
EMP-1130,33,Male,Sales,Account Executive,Master,1.6,1.0,83540,38.0,0.0,2,91.8,87.6,4.3,7.6,Low,50,29,No,No
EMP-1131,43,Male,Marketing,SEO Specialist,Master,16.1,13.4,292032,41.0,1.0,5,80.2,90.7,3.8,5.9,Low,60,7,No,No
EMP-1132,25,Female,Technology,Data Scientist,Bachelor,4.0,3.1,115858,44.1,4.1,5,85.1,99.8,4.8,7.5,Low,50,21,No,No
EMP-1133,28,Male,Technology,QA Automation Engineer,Bachelor,0.5,0.4,81380,45.6,5.6,3,79.1,86.2,3.5,5.6,Low,60,9,No,No
EMP-1134,32,Male,Operations,Process Improvement Manager,Bachelor,1.7,1.1,67289,41.4,1.4,4,88.5,81.7,3.9,6.3,Low,100,30,No,No
EMP-1135,37,Male,R&D,Product Designer,Master,2.3,0.3,110163,51.3,11.3,5,82.9,92.0,3.1,2.2,High,20,23,No,No
EMP-1136,33,Female,Finance,Risk Manager,Master,10.2,1.2,274691,43.7,3.7,5,100.0,93.0,4.3,9.7,Low,80,27,No,No
EMP-1137,38,Female,Technology,Senior Developer,Bachelor,9.3,4.8,211051,54.9,14.9,11,77.7,91.9,3.5,6.4,High,40,11,No,Yes
EMP-1138,23,Male,Operations,Operations Director,Master,1.9,0.9,82587,56.1,16.1,8,83.8,95.7,4.0,6.4,High,60,19,No,No
EMP-1139,31,Female,Finance,Chartered Accountant,Diploma,0.6,0.4,64695,43.8,3.8,2,74.5,89.7,3.6,5.0,Low,40,6,No,No
EMP-1140,31,Female,Customer Support,Customer Success Manager,Master,3.4,0.5,106482,39.1,0.0,4,93.1,99.8,4.0,9.1,Low,50,12,No,No
EMP-1141,22,Female,Technology,Senior Developer,Bachelor,1.0,0.5,90227,45.4,5.4,5,86.3,92.0,4.0,9.1,Low,100,19,No,No
EMP-1142,44,Male,Sales,Sales Executive,Master,1.3,0.9,72898,36.7,0.0,2,76.4,88.4,3.4,6.5,Low,0,44,No,No
EMP-1143,30,Female,Technology,Cloud Architect,Master,9.0,8.4,249744,43.3,3.3,5,98.3,89.9,4.6,6.3,Low,80,35,No,No
EMP-1144,30,Female,Sales,Account Executive,PhD,0.5,0.4,53657,54.7,14.7,11,85.1,92.7,4.0,1.0,Medium,50,19,No,Yes
EMP-1145,35,Male,Technology,QA Automation Engineer,Master,9.3,6.4,192058,54.5,14.5,8,84.9,95.7,3.7,4.0,High,0,25,No,Yes
EMP-1146,32,Male,Marketing,Content Strategist,Bachelor,1.5,0.6,66189,46.4,6.4,4,87.8,99.8,3.8,7.2,Medium,20,12,No,No
EMP-1147,35,Female,Technology,Software Engineer,Master,4.2,3.4,128707,38.0,0.0,5,89.9,91.8,4.0,6.5,Low,50,6,Yes,No
EMP-1148,35,Female,Technology,Cloud Architect,Master,14.0,5.9,367229,43.9,3.9,3,76.1,94.4,4.0,6.9,Low,50,27,Yes,No
EMP-1149,26,Male,Technology,Senior Developer,Bachelor,5.0,3.5,141529,47.6,7.6,4,94.2,94.1,4.8,9.9,Low,80,28,No,No
EMP-1150,34,Male,Marketing,SEO Specialist,Master,11.8,5.6,217715,39.8,0.0,5,85.8,93.5,4.3,4.9,Medium,100,33,No,No
EMP-1151,21,Male,Customer Support,Technical Support Engineer,Bachelor,0.5,0.3,40849,40.2,0.2,3,84.9,94.3,4.1,7.8,Low,40,14,No,Yes
EMP-1152,33,Female,Human Resources,HR Executive,Master,7.7,6.2,148068,42.7,2.7,2,77.7,87.5,3.5,9.3,Low,40,8,No,No
EMP-1153,44,Male,Sales,Account Executive,Bachelor,6.9,2.8,140634,43.8,3.8,3,93.7,93.9,4.1,6.9,Low,40,30,No,No
EMP-1154,38,Female,Operations,Process Improvement Manager,Bachelor,2.2,0.7,105811,60.3,20.3,10,82.6,95.3,4.0,2.5,Medium,60,23,No,No
EMP-1155,28,Male,Technology,Software Engineer,Master,7.0,4.5,154772,38.0,0.0,5,89.2,94.3,4.2,6.4,Low,0,5,Yes,No
EMP-1156,25,Female,Finance,Risk Manager,Bachelor,2.5,2.0,124765,38.0,0.0,3,88.4,95.1,3.8,7.9,Low,50,19,Yes,No
EMP-1157,32,Female,Sales,Enterprise Sales Lead,Master,3.2,2.3,130381,45.2,5.2,3,98.6,99.3,3.7,7.1,Low,50,7,No,No
EMP-1158,44,Male,R&D,AI/ML Research Engineer,Master,2.6,2.5,105906,58.5,18.5,5,74.8,99.8,3.8,4.5,Medium,80,7,Yes,No
EMP-1159,29,Male,Sales,Account Executive,Master,5.2,3.7,128511,44.3,4.3,5,88.9,93.6,4.0,8.7,Low,0,43,Yes,No
EMP-1160,36,Female,R&D,Innovation Lead,Master,5.9,1.4,219065,39.4,0.0,4,81.4,99.8,4.4,6.0,Low,100,18,No,No
EMP-1161,34,Female,Finance,Financial Analyst,PhD,0.5,0.3,63924,29.6,0.0,1,86.2,92.9,4.1,5.4,Low,20,9,Yes,No
EMP-1162,29,Female,Finance,Payroll Specialist,Bachelor,8.0,1.4,176490,58.2,18.2,11,95.0,99.8,4.3,5.7,Medium,40,25,No,No
EMP-1163,31,Male,Finance,Chartered Accountant,Bachelor,1.2,0.5,77035,42.6,2.6,4,87.6,90.3,4.2,8.7,High,20,44,No,No
EMP-1164,31,Female,Marketing,Digital Marketing Specialist,Bachelor,2.2,1.1,76213,67.1,27.1,9,75.3,99.8,3.7,4.8,High,100,36,No,No
EMP-1165,28,Female,Technology,Cloud Architect,Bachelor,1.1,0.9,100804,42.8,2.8,2,84.1,96.3,4.1,7.6,Medium,40,43,No,Yes
EMP-1166,26,Female,Technology,QA Automation Engineer,Bachelor,5.0,4.0,130849,42.0,2.0,4,78.5,89.0,3.9,5.1,Low,60,26,No,Yes
EMP-1167,21,Male,Operations,Operations Director,Bachelor,0.5,0.4,61427,40.2,0.2,5,83.5,99.8,3.9,5.2,Low,60,27,No,No
EMP-1168,31,Male,R&D,Product Designer,Bachelor,0.5,0.4,76068,60.6,20.6,7,58.2,98.5,3.0,3.5,High,0,15,No,Yes
EMP-1169,36,Male,R&D,AI/ML Research Engineer,Bachelor,7.6,3.4,180349,40.7,0.7,2,88.5,96.1,3.7,7.0,Medium,60,34,No,No
EMP-1170,29,Female,Operations,Supply Chain Analyst,Bachelor,3.3,2.3,74394,44.7,4.7,5,84.7,88.9,3.5,6.0,Low,80,31,Yes,No
EMP-1171,30,Male,Technology,DevOps Engineer,Bachelor,3.3,3.0,102997,54.6,14.6,7,82.9,86.2,3.3,5.7,High,80,5,No,No
EMP-1172,32,Male,Finance,Financial Analyst,Master,10.9,9.0,216627,58.2,18.2,8,48.1,85.0,3.3,4.1,High,20,25,No,Yes
EMP-1173,25,Female,Operations,Logistics Coordinator,Bachelor,4.0,2.2,94439,48.0,8.0,5,90.6,87.4,4.8,7.6,Low,0,25,No,Yes
EMP-1174,27,Male,Operations,Logistics Coordinator,Master,6.0,4.5,117245,43.9,3.9,4,90.1,90.8,4.6,6.8,Low,20,7,No,No
EMP-1175,36,Male,Marketing,Digital Marketing Specialist,Master,8.7,1.5,174755,64.9,24.9,10,55.9,92.9,3.1,3.1,High,60,11,No,Yes
EMP-1176,33,Male,Technology,DevOps Engineer,Bachelor,0.5,0.3,75619,43.1,3.1,2,83.0,95.4,3.9,7.0,Medium,60,4,Yes,No
EMP-1177,39,Male,Operations,Logistics Coordinator,Master,5.2,2.1,114878,31.4,0.0,1,100.0,88.5,4.1,9.8,Low,40,18,No,No
EMP-1178,32,Female,Technology,QA Automation Engineer,Bachelor,2.1,2.0,88873,32.4,0.0,1,96.0,99.7,4.8,6.0,Low,50,17,No,No
EMP-1179,33,Female,Operations,Process Improvement Manager,Bachelor,3.1,0.9,113614,42.0,2.0,5,98.6,89.5,4.7,7.2,Low,80,9,No,No
EMP-1180,30,Male,Marketing,Growth Marketing Manager,Bachelor,2.0,0.6,90136,65.9,25.9,9,47.8,90.0,2.7,5.0,High,50,28,Yes,Yes
EMP-1181,33,Male,Technology,Software Engineer,Bachelor,2.2,0.4,101671,40.6,0.6,2,83.6,89.9,3.8,7.6,Medium,0,4,Yes,No
EMP-1182,40,Male,Technology,DevOps Engineer,Bachelor,6.6,2.5,159797,59.2,19.2,11,70.6,95.3,3.4,4.2,High,50,24,No,No
EMP-1183,21,Female,Technology,DevOps Engineer,Master,0.5,0.3,67674,32.7,0.0,1,99.8,95.2,5.0,7.4,Low,20,15,No,No
EMP-1184,25,Male,Operations,Logistics Coordinator,Bachelor,1.0,0.9,43179,46.0,6.0,3,83.9,88.0,3.6,7.7,Medium,50,33,No,No
EMP-1185,24,Male,Marketing,Content Strategist,Master,3.0,0.4,91087,29.6,0.0,1,91.5,99.8,4.1,6.9,Low,50,32,No,No
EMP-1186,46,Female,Sales,Business Development Associate,Bachelor,3.1,1.0,95031,50.9,10.9,11,63.9,95.9,3.5,5.4,High,40,34,No,No
EMP-1187,42,Male,Human Resources,Talent Development Lead,Master,1.4,1.0,94417,38.0,0.0,2,91.4,89.6,4.2,5.2,Low,100,28,No,No
EMP-1188,23,Male,Technology,Senior Developer,Bachelor,0.5,0.4,83074,54.6,14.6,11,91.6,89.6,3.7,1.0,High,0,27,No,Yes
EMP-1189,25,Female,Marketing,Content Strategist,Master,1.9,1.1,73453,44.9,4.9,5,74.2,95.2,3.6,8.5,Low,100,25,No,No
EMP-1190,36,Male,Sales,Business Development Associate,Bachelor,0.8,0.3,76159,39.6,0.0,5,78.4,87.7,3.8,7.3,Low,0,4,Yes,No
EMP-1191,26,Male,R&D,Innovation Lead,Bachelor,2.6,1.7,148398,41.4,1.4,4,80.1,91.9,3.2,6.0,Low,50,19,No,No
EMP-1192,40,Female,Marketing,SEO Specialist,Master,0.7,0.5,52412,42.9,2.9,2,82.8,84.5,4.1,6.6,Low,20,28,No,No
EMP-1193,37,Male,Technology,Senior Developer,Master,9.8,9.6,201445,28.5,0.0,2,82.8,88.8,3.5,9.8,Low,60,43,No,No
EMP-1194,35,Female,Sales,Sales Executive,Master,2.3,2.2,96304,43.3,3.3,2,96.3,99.6,4.2,5.4,Low,50,32,Yes,No
EMP-1195,31,Male,Human Resources,HR Executive,Bachelor,2.3,1.3,81786,38.8,0.0,3,86.3,99.8,4.5,7.4,Low,50,12,No,No
EMP-1196,21,Male,Technology,Software Engineer,Bachelor,0.5,0.4,59630,56.4,16.4,6,95.0,97.2,4.1,2.4,Medium,0,20,No,Yes
EMP-1197,30,Male,Sales,Regional Sales Manager,Bachelor,0.9,0.3,93256,44.4,4.4,5,94.7,89.7,4.1,9.1,Low,40,32,No,No
EMP-1198,35,Female,Finance,Chartered Accountant,Bachelor,2.9,1.6,93948,41.7,1.7,2,74.1,98.3,3.8,10.0,Medium,40,6,No,Yes
EMP-1199,30,Female,Technology,Senior Developer,Bachelor,3.2,0.3,117455,38.0,0.0,2,67.0,85.6,3.3,8.5,Low,50,25,Yes,No
EMP-1200,41,Male,Technology,Tech Lead,Bachelor,1.4,1.0,120765,57.4,17.4,11,65.1,84.8,3.7,5.0,Medium,80,14,No,Yes
EMP-1201,27,Male,Technology,Cloud Architect,Diploma,1.2,0.5,117398,44.5,4.5,5,93.1,92.4,4.2,6.2,Low,0,4,No,No
EMP-1202,32,Male,Operations,Process Improvement Manager,Master,0.5,0.3,56744,55.3,15.3,11,87.3,99.8,4.3,5.1,High,0,24,No,Yes
EMP-1203,35,Female,Technology,Senior Developer,Bachelor,14.0,1.2,282513,44.4,4.4,3,100.0,91.9,4.6,6.4,Medium,0,41,No,No
EMP-1204,34,Female,Technology,DevOps Engineer,Master,0.5,0.4,75815,56.9,16.9,10,42.0,93.5,2.4,5.1,High,40,17,No,Yes
EMP-1205,24,Female,Sales,Enterprise Sales Lead,Bachelor,1.0,0.6,108294,63.1,23.1,7,78.6,98.6,4.1,7.1,High,50,11,No,No
EMP-1206,35,Male,Human Resources,Compensation & Benefits Specialist,Bachelor,6.5,1.4,137289,41.7,1.7,3,91.6,93.4,4.1,7.4,Low,0,8,No,No
EMP-1207,23,Male,Sales,Enterprise Sales Lead,Bachelor,0.7,0.5,89815,44.2,4.2,3,76.3,94.2,3.5,8.7,Medium,20,16,No,No
EMP-1208,29,Male,Human Resources,Technical Recruiter,Master,8.0,5.8,163995,31.4,0.0,1,88.7,99.8,3.7,9.1,Low,60,29,No,No
EMP-1209,33,Male,Finance,Risk Manager,Bachelor,12.0,3.2,308402,41.1,1.1,5,84.6,99.8,4.1,7.9,Low,100,38,Yes,No
EMP-1210,35,Female,Finance,Investment Analyst,Master,14.0,5.6,263864,39.4,0.0,3,97.6,89.7,4.0,5.7,Low,60,33,No,No
EMP-1211,32,Female,Marketing,Brand Manager,Master,1.1,1.1,71061,58.2,18.2,7,87.9,90.0,3.9,2.1,Medium,80,32,No,No
EMP-1212,24,Female,Technology,Senior Developer,Bachelor,3.0,1.6,117723,54.9,14.9,7,72.5,89.7,3.7,2.7,High,60,14,No,Yes
EMP-1213,33,Male,Human Resources,Compensation & Benefits Specialist,Master,3.5,3.0,87353,41.0,1.0,3,71.7,99.8,3.6,9.1,Low,100,14,No,No
EMP-1214,21,Female,Technology,DevOps Engineer,Bachelor,0.5,0.5,80238,48.0,8.0,4,89.3,91.2,4.1,7.0,High,0,26,No,Yes
EMP-1215,21,Male,Sales,Enterprise Sales Lead,Bachelor,0.5,0.3,88184,42.0,2.0,2,91.2,88.0,4.6,6.0,Medium,50,34,No,No
EMP-1216,26,Male,Human Resources,HR Executive,Master,2.3,0.3,75570,49.0,9.0,8,85.6,88.9,4.2,1.8,High,80,34,No,Yes
EMP-1217,23,Male,Operations,Logistics Coordinator,Bachelor,2.0,0.4,59827,67.9,27.9,6,67.6,88.3,2.8,4.0,High,60,37,No,Yes
EMP-1218,32,Male,Operations,Supply Chain Analyst,Master,2.1,1.3,79272,39.8,0.0,3,82.0,96.0,3.7,7.3,Low,40,11,No,No
EMP-1219,26,Male,Technology,Cloud Architect,Bachelor,2.5,1.2,139359,48.0,8.0,3,78.0,95.0,3.6,5.3,Low,0,13,Yes,No
EMP-1220,34,Female,Technology,DevOps Engineer,Bachelor,1.0,0.6,74723,44.1,4.1,3,87.0,92.0,4.1,9.3,Medium,40,13,No,No
EMP-1221,22,Female,Technology,Data Scientist,Bachelor,1.0,0.9,71920,31.8,0.0,1,71.0,84.2,3.3,9.8,Low,20,22,No,No
EMP-1222,47,Female,Technology,Cloud Architect,Bachelor,3.6,2.8,159850,48.0,8.0,4,96.0,95.1,4.2,3.2,Medium,40,17,No,No
EMP-1223,21,Female,Technology,Senior Developer,Bachelor,0.5,0.4,74618,45.4,5.4,3,85.3,85.9,3.7,10.0,Medium,0,29,No,No
EMP-1224,32,Male,Operations,Supply Chain Analyst,Bachelor,2.7,0.4,76816,54.7,14.7,5,67.9,95.1,3.3,5.2,High,40,26,No,No
EMP-1225,25,Female,Technology,Senior Developer,Master,4.0,0.9,114769,38.0,0.0,3,87.0,92.1,3.9,10.0,Low,50,28,Yes,No
EMP-1226,29,Female,Operations,Logistics Coordinator,Master,1.2,1.1,45819,44.3,4.3,4,84.7,99.5,4.2,8.6,Low,80,20,Yes,No
EMP-1227,39,Female,Operations,Supply Chain Analyst,Bachelor,5.3,2.6,110290,60.3,20.3,5,53.0,91.2,2.9,5.4,High,50,30,No,No
EMP-1228,21,Female,Operations,Supply Chain Analyst,Bachelor,0.5,0.3,52427,44.1,4.1,5,98.6,96.0,3.8,5.9,Medium,60,34,Yes,No
EMP-1229,21,Female,Technology,DevOps Engineer,Bachelor,0.5,0.4,79944,65.2,25.2,9,80.0,87.0,3.6,5.2,Medium,60,50,No,Yes
EMP-1230,35,Female,Technology,QA Automation Engineer,Master,14.0,10.4,259850,39.1,0.0,4,89.4,99.8,4.6,6.0,Low,60,19,No,No
EMP-1231,24,Male,Operations,Supply Chain Analyst,Master,1.1,0.5,54582,42.5,2.5,3,69.8,90.3,3.6,7.3,Low,0,47,No,No
EMP-1232,26,Male,Sales,Account Executive,Master,2.7,0.9,94890,44.4,4.4,3,89.4,99.8,4.3,9.4,Low,20,4,Yes,No
EMP-1233,27,Male,Marketing,Content Strategist,Bachelor,6.0,0.6,127612,50.0,10.0,10,79.3,99.8,3.8,4.6,High,60,13,No,No
EMP-1234,28,Female,Operations,Operations Director,Diploma,7.0,4.0,179432,47.1,7.1,3,99.5,92.3,4.1,7.0,Low,100,10,Yes,No
EMP-1235,30,Male,R&D,Research Scientist,Bachelor,4.0,0.6,126728,43.4,3.4,2,88.4,90.2,4.0,9.4,Low,0,32,No,No
EMP-1236,35,Male,Sales,Enterprise Sales Lead,Bachelor,2.1,1.8,99885,38.0,0.0,4,85.2,99.8,4.2,5.7,Low,0,8,No,No
EMP-1237,34,Female,Technology,Data Scientist,Bachelor,0.5,0.3,75529,32.8,0.0,1,90.2,91.9,4.1,7.3,Low,100,10,No,No
EMP-1238,41,Female,Finance,Financial Analyst,PhD,1.3,1.1,75858,42.8,2.8,5,83.5,95.9,3.5,6.7,Low,60,29,No,No
EMP-1239,36,Male,Technology,Tech Lead,Master,3.2,2.4,147931,55.7,15.7,7,87.4,93.8,4.1,1.0,Medium,60,10,No,No
EMP-1240,33,Female,Sales,Account Executive,Bachelor,7.6,2.5,157494,38.0,0.0,2,85.5,98.1,3.3,6.1,Medium,100,17,No,No
EMP-1241,21,Male,Marketing,Brand Manager,Master,0.5,0.4,87948,37.2,0.0,1,62.0,94.9,3.6,7.7,Low,60,24,No,No
EMP-1242,23,Male,Technology,Software Engineer,Bachelor,2.0,0.8,93930,65.9,25.9,6,92.7,87.0,3.8,4.8,High,100,24,No,No
EMP-1243,31,Female,Technology,Software Engineer,Master,3.1,0.3,101640,35.2,0.0,1,86.1,97.1,4.0,9.5,Low,60,32,Yes,No
EMP-1244,31,Male,Technology,Tech Lead,PhD,0.8,0.5,93430,38.8,0.0,4,96.0,88.8,4.6,6.3,Low,0,23,No,No
EMP-1245,39,Female,Technology,Software Engineer,Bachelor,9.2,8.7,198741,53.9,13.9,11,62.9,94.9,3.4,5.2,High,0,20,Yes,Yes
EMP-1246,33,Female,Technology,DevOps Engineer,Master,4.0,4.0,111591,40.2,0.2,2,86.0,91.9,4.4,7.7,Medium,40,24,No,No
EMP-1247,21,Male,Operations,Supply Chain Analyst,Diploma,0.5,0.5,53685,59.8,19.8,8,72.7,86.9,3.4,5.6,High,40,43,No,No
EMP-1248,35,Female,Sales,Business Development Associate,Master,2.1,1.9,77917,30.2,0.0,1,81.7,90.3,3.4,7.1,Low,50,11,No,No
EMP-1249,32,Male,Finance,Payroll Specialist,Master,8.5,3.6,192625,65.1,25.1,7,65.5,99.8,3.6,4.7,Medium,20,22,No,Yes
EMP-1250,39,Male,Customer Support,Customer Success Manager,Bachelor,1.4,0.5,64604,46.0,6.0,2,76.6,89.8,3.9,6.0,Low,0,10,No,No
EMP-1251,26,Male,Marketing,SEO Specialist,Master,2.1,0.3,65541,39.0,0.0,4,100.0,86.5,3.7,8.6,Low,50,45,No,No
EMP-1252,32,Male,Operations,Process Improvement Manager,Bachelor,3.7,1.3,129303,38.0,0.0,2,90.4,90.4,3.8,4.2,Low,60,31,No,No
EMP-1253,30,Female,Technology,QA Automation Engineer,Bachelor,9.0,2.4,195481,46.7,6.7,4,91.7,93.2,4.5,8.4,Low,50,27,No,No
EMP-1254,26,Male,Human Resources,HR Business Partner,Bachelor,1.4,0.7,74066,40.9,0.9,5,82.2,86.1,4.1,7.4,Low,100,13,No,Yes
EMP-1255,25,Male,Operations,Process Improvement Manager,Bachelor,2.4,0.2,106439,40.2,0.2,4,93.3,98.0,4.1,6.7,Low,60,15,No,No
EMP-1256,31,Male,R&D,AI/ML Research Engineer,Bachelor,10.0,3.5,224792,44.5,4.5,4,77.4,91.3,3.7,5.5,Low,50,4,Yes,No
EMP-1257,21,Female,Marketing,Content Strategist,Bachelor,0.5,0.3,69719,40.2,0.2,3,91.9,91.8,4.5,7.7,Low,40,13,No,No
EMP-1258,32,Male,Technology,DevOps Engineer,Bachelor,11.0,4.5,225041,52.9,12.9,9,89.3,83.4,4.2,2.3,High,50,40,No,Yes
EMP-1259,24,Male,Technology,DevOps Engineer,Master,3.0,0.4,116709,46.2,6.2,3,92.2,97.5,4.4,4.4,Low,40,29,No,No
EMP-1260,36,Female,Customer Support,Support Team Lead,Master,1.4,0.9,68239,58.2,18.2,11,65.0,93.8,3.3,3.0,High,50,36,No,No
EMP-1261,29,Other,R&D,Research Scientist,Bachelor,1.9,0.8,87673,44.1,4.1,3,76.4,99.8,3.9,7.6,Low,20,4,Yes,No
EMP-1262,43,Male,Finance,Financial Analyst,Master,0.6,0.4,79347,41.2,1.2,5,76.4,98.5,4.1,8.9,Low,60,35,No,No
EMP-1263,31,Male,Customer Support,Customer Support Specialist,Bachelor,3.5,2.5,82219,41.2,1.2,2,87.2,87.8,4.5,7.1,Low,50,36,No,No
EMP-1264,26,Male,Technology,QA Automation Engineer,Master,3.5,3.1,112389,38.7,0.0,4,75.1,90.2,3.8,9.1,Low,60,43,No,Yes
EMP-1265,21,Male,R&D,Product Designer,Bachelor,0.5,0.2,92231,35.3,0.0,1,77.3,91.4,3.9,6.4,Low,40,16,Yes,No
EMP-1266,35,Male,Customer Support,Technical Support Engineer,Bachelor,0.5,0.2,44315,61.5,21.5,11,75.9,90.7,4.0,5.5,High,60,14,No,No
EMP-1267,35,Female,Technology,Tech Lead,Bachelor,0.5,0.4,93552,46.0,6.0,5,74.7,87.6,3.5,9.5,Low,0,15,No,No
EMP-1268,27,Female,Sales,Sales Executive,Bachelor,6.0,4.1,139469,43.0,3.0,4,86.6,90.6,4.5,6.5,Low,60,32,No,No
EMP-1269,28,Male,Technology,DevOps Engineer,Master,5.0,3.7,137810,62.3,22.3,9,45.8,78.0,2.8,3.3,High,80,25,No,Yes
EMP-1270,21,Male,Human Resources,Talent Development Lead,Master,0.5,0.5,68214,38.4,0.0,4,85.9,96.5,3.9,7.1,Low,0,13,No,No
EMP-1271,26,Male,R&D,AI/ML Research Engineer,Diploma,5.0,1.6,144766,37.2,0.0,2,65.5,88.6,3.2,7.3,Low,50,23,No,No
EMP-1272,29,Male,Customer Support,Technical Support Engineer,Bachelor,1.8,0.9,51564,61.9,21.9,7,78.4,87.3,3.7,2.0,High,0,33,No,No
EMP-1273,38,Female,Technology,Cloud Architect,PhD,0.5,0.5,97144,44.7,4.7,3,70.7,98.0,3.7,6.1,Low,50,23,No,No
EMP-1274,38,Female,Operations,Process Improvement Manager,Bachelor,4.3,2.1,146115,34.5,0.0,2,89.3,97.5,4.0,6.6,Low,50,19,No,No
EMP-1275,34,Female,Operations,Operations Director,Bachelor,0.5,0.2,72725,63.0,23.0,5,96.0,99.8,4.3,4.5,Medium,80,14,No,Yes
EMP-1276,34,Male,Technology,Cloud Architect,PhD,6.6,0.8,218060,45.2,5.2,3,78.5,94.0,3.4,7.8,Medium,60,20,No,No
EMP-1277,21,Male,Sales,Sales Executive,Bachelor,0.5,0.4,54198,40.3,0.3,2,73.0,88.1,4.3,8.5,Medium,20,20,No,No
EMP-1278,29,Female,Finance,Payroll Specialist,Master,1.0,0.6,74261,62.1,22.1,7,96.0,94.0,4.3,7.5,High,40,13,No,No
EMP-1279,26,Female,Technology,DevOps Engineer,Bachelor,3.7,1.2,119516,42.7,2.7,2,89.8,99.1,3.9,6.4,Medium,40,23,Yes,No
EMP-1280,23,Female,Customer Support,Technical Support Engineer,Bachelor,0.5,0.2,42149,34.9,0.0,2,88.6,95.8,3.5,8.8,Low,20,25,No,No
EMP-1281,38,Male,Operations,Supply Chain Analyst,Bachelor,6.6,0.9,126351,44.0,4.0,5,82.0,95.1,3.1,6.9,Medium,60,54,No,No
EMP-1282,45,Female,Sales,Enterprise Sales Lead,Bachelor,7.5,7.5,214920,44.6,4.6,5,88.0,92.6,4.1,7.4,Low,0,17,No,No
EMP-1283,21,Female,Sales,Regional Sales Manager,Master,0.5,0.3,85240,56.4,16.4,10,82.6,96.4,4.3,5.3,High,60,26,No,Yes
EMP-1284,34,Female,Marketing,Digital Marketing Specialist,Bachelor,0.5,0.5,42391,43.1,3.1,4,73.0,87.7,3.5,5.4,Low,50,38,No,No
EMP-1285,27,Male,Finance,Chartered Accountant,Master,6.0,1.3,138910,37.4,0.0,2,83.5,82.1,3.7,7.2,Low,50,23,No,No
EMP-1286,42,Female,Technology,DevOps Engineer,Master,5.1,1.0,141239,42.2,2.2,4,80.5,91.2,3.7,5.6,Low,100,22,No,No
EMP-1287,32,Female,R&D,Product Designer,Diploma,0.6,0.3,89924,48.0,8.0,4,97.7,99.8,4.5,8.7,Medium,80,38,No,No
EMP-1288,26,Male,Finance,Investment Analyst,Bachelor,5.0,4.8,131046,38.4,0.0,3,79.0,98.2,3.8,8.5,Low,50,41,No,No
EMP-1289,40,Male,Sales,Regional Sales Manager,Master,12.1,6.0,287443,38.4,0.0,2,84.7,93.1,4.0,6.1,Low,50,52,No,Yes
EMP-1290,37,Male,Technology,Software Engineer,Bachelor,16.0,5.9,299875,48.0,8.0,2,92.4,86.7,4.4,6.2,Low,50,29,Yes,No
EMP-1291,30,Male,Customer Support,Customer Support Specialist,Bachelor,9.0,8.3,176682,48.0,8.0,3,78.2,90.7,4.1,7.9,Low,60,24,No,No
EMP-1292,35,Male,R&D,Product Designer,PhD,0.5,0.2,91535,62.1,22.1,7,51.4,99.4,3.1,3.7,High,40,13,No,No
EMP-1293,32,Male,Operations,Supply Chain Analyst,Bachelor,10.4,4.7,191935,45.6,5.6,3,92.4,96.2,4.2,6.4,Low,0,35,No,No
EMP-1294,29,Female,Sales,Business Development Associate,Master,8.0,2.3,173000,62.9,22.9,5,96.0,94.7,4.8,1.0,High,50,25,No,Yes
EMP-1295,32,Male,Technology,Tech Lead,Bachelor,11.0,5.4,298780,59.5,19.5,6,66.7,92.2,3.3,4.2,High,20,32,No,Yes
EMP-1296,34,Male,Operations,Operations Director,Bachelor,13.0,10.0,321590,44.4,4.4,3,92.4,99.8,4.3,8.8,Low,60,6,No,No
EMP-1297,40,Male,Technology,Senior Developer,Master,1.0,0.4,80779,41.1,1.1,2,79.0,96.1,3.6,6.4,Low,20,23,Yes,No
EMP-1298,26,Male,Marketing,Brand Manager,Bachelor,2.4,2.2,115357,50.7,10.7,9,80.7,96.3,3.7,3.7,Medium,60,16,No,Yes
EMP-1299,30,Female,Customer Support,Support Team Lead,Master,1.5,0.4,69923,39.8,0.0,3,90.6,90.3,3.8,6.9,Low,50,23,No,No
EMP-1300,21,Male,Sales,Sales Executive,Bachelor,0.5,0.3,56133,30.7,0.0,2,72.3,94.3,3.2,6.5,Low,20,40,No,No
EMP-1301,25,Male,Sales,Business Development Associate,Bachelor,4.0,3.9,113000,41.8,1.8,3,88.2,89.0,3.2,6.3,Low,0,30,No,No
EMP-1302,28,Female,Finance,Financial Analyst,Bachelor,0.7,0.3,69270,45.4,5.4,5,74.7,96.4,3.5,7.1,Low,80,16,Yes,No
EMP-1303,35,Male,Technology,Software Engineer,Master,1.2,0.6,95785,56.7,16.7,10,68.9,90.7,3.8,4.2,High,50,14,No,Yes
EMP-1304,36,Female,R&D,Research Scientist,Master,0.5,0.3,77229,46.2,6.2,4,93.7,88.2,3.7,6.9,Low,50,20,No,No
EMP-1305,26,Male,Human Resources,HR Business Partner,Bachelor,4.7,2.2,110143,43.5,3.5,4,96.9,90.6,4.5,7.5,Medium,80,8,Yes,No
EMP-1306,40,Male,Human Resources,Compensation & Benefits Specialist,Master,1.5,1.3,86159,44.8,4.8,5,83.6,99.1,3.7,3.8,Medium,50,12,No,No
EMP-1307,42,Male,Human Resources,Technical Recruiter,Bachelor,2.0,1.0,77425,48.0,8.0,5,63.3,92.4,3.2,7.7,Low,0,20,No,No
EMP-1308,41,Female,Technology,QA Automation Engineer,Bachelor,4.4,3.8,131549,28.1,0.0,2,78.7,95.9,3.8,6.2,Low,0,37,No,No
EMP-1309,33,Female,Operations,Logistics Coordinator,Diploma,7.1,1.0,164221,67.3,27.3,7,59.9,86.9,3.0,5.2,High,40,20,No,No
EMP-1310,26,Female,Customer Support,Support Team Lead,Bachelor,5.0,0.4,134995,45.5,5.5,4,91.5,75.6,4.2,4.4,Low,80,13,No,No
EMP-1311,26,Male,Marketing,Content Strategist,Bachelor,5.0,1.4,117790,41.1,1.1,3,84.6,91.2,3.2,6.4,Low,60,8,No,No
EMP-1312,38,Male,Finance,Risk Manager,Master,0.5,0.4,93852,44.5,4.5,3,82.3,94.2,4.1,7.7,High,50,11,No,Yes
EMP-1313,29,Female,Sales,Account Executive,Bachelor,1.0,1.0,56773,38.0,0.0,2,84.8,98.2,4.5,3.6,Low,60,12,No,No
EMP-1314,27,Female,Operations,Operations Associate,Master,6.0,0.7,130475,38.0,0.0,5,82.6,85.1,3.5,6.3,Low,40,38,No,No
EMP-1315,37,Female,Technology,Tech Lead,Bachelor,2.1,1.1,121057,40.3,0.3,5,87.6,99.8,4.5,5.1,Low,60,22,No,No
EMP-1316,22,Male,Technology,Senior Developer,Bachelor,0.5,0.4,69088,30.2,0.0,1,94.5,86.9,4.6,6.9,Low,60,28,Yes,No
EMP-1317,45,Male,Marketing,Growth Marketing Manager,Bachelor,5.3,0.4,185805,38.3,0.0,3,100.0,92.4,4.2,7.1,Low,0,4,No,No
EMP-1318,39,Male,Human Resources,Compensation & Benefits Specialist,Bachelor,1.9,1.7,75952,39.6,0.0,2,76.2,90.5,4.0,3.0,Low,50,38,No,No
EMP-1319,38,Female,Finance,Risk Manager,Master,3.0,2.1,127526,60.0,20.0,10,43.3,99.3,3.0,3.8,High,60,30,Yes,Yes
EMP-1320,28,Female,Sales,Sales Executive,Bachelor,3.5,0.7,107063,67.0,27.0,11,59.5,91.8,3.4,6.6,Medium,50,34,No,No
EMP-1321,35,Female,Finance,Investment Analyst,Bachelor,2.6,1.5,90688,39.5,0.0,3,79.7,94.9,4.0,8.0,Low,50,26,No,Yes
EMP-1322,29,Male,Technology,Software Engineer,Master,4.9,2.3,132224,45.3,5.3,5,74.1,93.9,3.5,7.8,Low,60,19,No,No
EMP-1323,34,Male,Finance,Risk Manager,Master,0.7,0.6,96033,41.5,1.5,3,72.8,83.3,3.2,6.1,Low,40,25,No,Yes
EMP-1324,31,Male,Technology,Tech Lead,Bachelor,1.1,0.7,117790,48.0,8.0,5,67.9,93.2,3.3,5.4,Low,50,23,No,No
EMP-1325,33,Female,Technology,Senior Developer,Master,0.5,0.3,61423,49.5,9.5,6,70.6,90.7,3.2,5.4,High,60,29,No,Yes
EMP-1326,38,Female,Technology,QA Automation Engineer,Bachelor,3.6,0.4,117898,42.2,2.2,3,99.2,93.6,4.6,7.2,Low,60,32,No,No
EMP-1327,26,Female,Technology,Software Engineer,Bachelor,5.0,3.9,142802,67.3,27.3,10,91.4,97.1,3.9,4.8,High,40,21,No,Yes
EMP-1328,32,Female,Sales,Regional Sales Manager,Bachelor,7.8,2.3,231261,37.1,0.0,2,76.3,96.0,3.3,6.8,Low,50,24,No,No
EMP-1329,30,Male,Technology,Cloud Architect,Bachelor,9.0,1.2,261223,43.1,3.1,5,85.3,95.2,4.0,7.1,Low,0,10,No,No
EMP-1330,36,Female,Technology,Cloud Architect,PhD,11.3,1.0,307793,44.2,4.2,2,91.5,91.3,4.1,7.0,Low,50,23,Yes,No
EMP-1331,26,Male,Finance,Payroll Specialist,Master,5.0,3.9,134301,60.4,20.4,7,52.2,89.8,2.3,7.5,Medium,80,26,No,Yes
EMP-1332,36,Female,Customer Support,Technical Support Engineer,Bachelor,1.6,0.5,54840,38.0,0.0,2,82.0,90.8,3.9,7.2,Low,0,24,No,No
EMP-1333,38,Female,R&D,Research Scientist,Master,7.0,0.7,173365,67.6,27.6,5,77.8,91.2,3.9,2.4,High,40,38,No,Yes
EMP-1334,38,Female,Technology,Senior Developer,Bachelor,17.0,8.0,306427,42.9,2.9,2,83.6,95.2,3.5,6.4,Low,20,43,No,No
EMP-1335,41,Male,Operations,Process Improvement Manager,Bachelor,0.5,0.2,87941,47.4,7.4,4,72.5,93.3,3.1,7.0,Low,60,4,No,No
EMP-1336,25,Male,Technology,DevOps Engineer,Master,4.0,1.1,126977,38.0,0.0,5,100.0,91.7,4.7,6.2,Low,0,41,No,No
EMP-1337,37,Male,Technology,Data Scientist,Master,3.8,3.0,111729,38.0,0.0,3,81.7,83.6,3.7,8.1,High,80,24,No,Yes
EMP-1338,38,Male,Technology,Data Scientist,Bachelor,3.5,1.9,104749,38.0,0.0,2,74.6,82.6,3.7,6.8,Low,50,17,No,No
EMP-1339,25,Male,Technology,DevOps Engineer,Bachelor,4.0,0.8,138717,43.8,3.8,2,82.0,89.9,3.6,7.9,Low,40,15,No,No
EMP-1340,35,Female,Technology,Tech Lead,Bachelor,9.9,2.1,287786,42.4,2.4,2,74.7,99.6,3.5,10.0,High,50,13,No,No
EMP-1341,34,Male,Finance,Financial Analyst,Master,2.2,1.8,97450,65.5,25.5,5,83.9,92.3,3.6,7.3,High,0,19,No,Yes
EMP-1342,33,Female,R&D,Innovation Lead,Master,9.1,1.2,258601,38.5,0.0,5,100.0,92.2,4.5,7.0,Medium,50,16,No,No
EMP-1343,36,Female,R&D,Research Scientist,Master,15.0,0.5,291402,39.1,0.0,5,92.1,97.2,4.6,8.1,Low,100,12,No,No
EMP-1344,38,Male,Technology,QA Automation Engineer,Bachelor,3.8,3.2,127385,45.1,5.1,2,83.5,99.8,3.9,7.9,Medium,100,5,No,No
EMP-1345,30,Male,Technology,Senior Developer,Master,3.4,2.2,104249,41.7,1.7,3,96.6,85.0,3.8,4.7,Low,80,35,No,No
EMP-1346,26,Female,Human Resources,HR Executive,Bachelor,1.0,0.7,62898,43.4,3.4,2,96.0,81.3,4.0,8.3,Low,20,28,No,No
EMP-1347,39,Other,Technology,Senior Developer,Master,9.1,3.5,202682,39.2,0.0,3,87.9,87.9,4.1,8.2,Low,60,10,No,No
EMP-1348,27,Male,R&D,AI/ML Research Engineer,Bachelor,5.6,0.5,157498,62.9,22.9,5,85.1,93.1,4.2,2.4,High,60,22,No,Yes
EMP-1349,38,Female,Finance,Risk Manager,Diploma,0.5,0.3,89471,63.4,23.4,5,75.0,88.2,3.6,1.6,High,0,33,No,Yes
EMP-1350,37,Female,Sales,Regional Sales Manager,Master,10.1,3.2,276682,62.8,22.8,6,90.6,88.3,4.3,2.0,High,50,25,No,Yes
EMP-1351,33,Male,Operations,Operations Director,Bachelor,4.8,2.8,149197,39.6,0.0,5,83.8,95.4,4.1,6.1,Low,60,25,No,No
EMP-1352,43,Female,Finance,Payroll Specialist,Master,2.3,0.2,95555,28.9,0.0,1,76.8,89.1,3.6,5.8,Low,100,27,No,No
EMP-1353,31,Male,Technology,Tech Lead,PhD,0.5,0.3,94207,48.0,8.0,4,80.8,95.8,3.5,7.2,Medium,0,10,No,No
EMP-1354,34,Male,Sales,Sales Executive,Bachelor,0.5,0.5,56089,38.5,0.0,3,79.8,95.0,3.4,8.1,Low,0,42,No,No
EMP-1355,26,Male,Finance,Risk Manager,Master,3.9,2.8,146519,31.2,0.0,1,79.2,99.8,3.9,6.0,Low,40,31,No,No
EMP-1356,45,Female,Finance,Risk Manager,Bachelor,1.7,1.6,111611,40.8,0.8,3,80.3,88.6,4.0,6.4,Low,40,29,Yes,No
EMP-1357,21,Male,Technology,DevOps Engineer,Master,0.5,0.4,67512,61.0,21.0,6,49.2,97.1,2.9,1.8,High,100,32,Yes,Yes
EMP-1358,21,Male,Sales,Business Development Associate,Bachelor,0.5,0.3,38777,39.5,0.0,4,85.3,92.7,4.3,8.9,Low,0,35,No,No
EMP-1359,36,Female,Sales,Enterprise Sales Lead,Master,2.9,1.0,124677,41.5,1.5,5,77.7,93.2,4.0,6.1,Low,50,10,No,Yes
EMP-1360,42,Male,Technology,Data Scientist,Bachelor,4.6,2.4,126255,48.0,8.0,3,76.9,90.6,2.8,6.9,Medium,80,22,No,No
EMP-1361,44,Female,Human Resources,HR Business Partner,Master,3.6,0.4,88827,35.7,0.0,2,92.7,81.4,4.2,6.2,Low,0,10,No,No
EMP-1362,31,Female,Operations,Logistics Coordinator,Bachelor,5.5,0.8,120805,28.9,0.0,2,96.4,86.9,3.9,8.3,Low,0,55,No,No
EMP-1363,33,Female,Finance,Chartered Accountant,Bachelor,0.9,0.8,75754,46.7,6.7,3,87.6,99.8,4.2,6.0,Medium,80,19,No,No
EMP-1364,36,Male,Human Resources,Compensation & Benefits Specialist,Master,5.1,4.8,117498,28.3,0.0,1,90.7,97.1,3.9,7.4,Low,20,31,No,No
EMP-1365,28,Male,Sales,Account Executive,Master,0.8,0.6,67861,44.5,4.5,4,93.5,92.3,4.3,7.0,Low,60,17,Yes,No
EMP-1366,37,Female,Human Resources,Talent Development Lead,Bachelor,10.1,4.6,247523,46.7,6.7,3,94.0,88.2,3.9,8.0,Medium,40,14,No,No
EMP-1367,32,Female,Operations,Supply Chain Analyst,Master,2.4,1.6,65194,35.5,0.0,2,91.3,93.5,4.5,6.6,Low,0,32,No,No
EMP-1368,31,Female,Operations,Operations Director,Bachelor,10.0,1.6,250994,41.9,1.9,2,96.4,86.2,4.5,5.9,Low,80,21,No,No
EMP-1369,25,Male,Technology,Senior Developer,Bachelor,3.3,2.0,97985,38.0,0.0,4,72.6,96.5,3.6,7.6,Medium,100,38,No,No
EMP-1370,27,Female,Sales,Regional Sales Manager,Master,0.5,0.5,75548,46.7,6.7,4,84.4,90.4,4.0,7.8,Low,20,31,No,No
EMP-1371,36,Male,R&D,AI/ML Research Engineer,Bachelor,7.5,5.8,166186,42.5,2.5,3,79.8,94.5,4.2,8.7,Low,60,15,Yes,No
EMP-1372,29,Female,Technology,Senior Developer,Master,8.0,3.1,177716,43.2,3.2,3,84.5,90.6,3.9,8.4,Low,50,16,No,No
EMP-1373,34,Male,Finance,Risk Manager,Master,0.6,0.6,84469,44.4,4.4,4,100.0,99.8,4.5,8.0,Low,100,22,No,No
EMP-1374,32,Male,Operations,Supply Chain Analyst,Bachelor,5.6,1.8,129081,50.8,10.8,11,53.8,92.2,2.6,2.6,High,0,9,No,Yes
EMP-1375,39,Male,Technology,Senior Developer,Bachelor,4.7,0.5,124303,56.7,16.7,6,61.2,94.6,3.2,3.8,High,50,26,No,No
EMP-1376,33,Male,R&D,Innovation Lead,Bachelor,4.6,1.6,197745,39.0,0.0,4,76.7,94.6,3.7,5.7,Low,60,27,No,No
EMP-1377,21,Female,Sales,Enterprise Sales Lead,Master,0.5,0.2,87384,56.8,16.8,10,93.6,86.0,4.1,6.3,High,60,18,No,No
EMP-1378,29,Male,Technology,DevOps Engineer,Diploma,5.2,4.2,144926,52.5,12.5,6,50.7,98.1,3.0,5.8,High,0,23,No,No
EMP-1379,40,Male,Operations,Supply Chain Analyst,Bachelor,2.8,0.3,79835,45.6,5.6,5,91.8,82.9,3.5,7.3,Medium,60,24,No,No
EMP-1380,26,Male,Customer Support,Technical Support Engineer,Master,5.0,1.4,100367,52.8,12.8,10,84.4,94.7,4.0,5.5,High,60,24,No,No
EMP-1381,36,Female,R&D,Product Designer,Bachelor,0.8,0.6,86788,57.4,17.4,10,58.9,95.9,3.2,5.4,High,0,20,No,No
EMP-1382,23,Female,Finance,Payroll Specialist,Master,2.0,1.6,88637,57.9,17.9,9,81.3,91.3,3.8,6.5,High,60,39,No,Yes
EMP-1383,34,Male,R&D,Research Scientist,Bachelor,1.5,0.8,90682,47.9,7.9,3,86.2,89.3,4.2,6.5,Low,50,43,No,No
EMP-1384,23,Male,Technology,Data Scientist,Master,0.5,0.4,63563,38.5,0.0,5,80.2,93.8,4.0,8.4,Low,50,35,No,No
EMP-1385,33,Male,Customer Support,Customer Support Specialist,Bachelor,9.8,8.4,178424,28.0,0.0,1,82.6,89.7,3.2,8.1,Low,0,42,No,No
EMP-1386,34,Male,Technology,Senior Developer,Bachelor,2.0,0.4,91929,36.2,0.0,2,70.6,91.2,3.9,7.1,Low,60,13,Yes,No
EMP-1387,35,Male,Technology,DevOps Engineer,Master,10.8,1.4,214575,43.8,3.8,4,88.3,94.6,4.2,5.9,Medium,20,19,No,No
EMP-1388,30,Female,Operations,Process Improvement Manager,Bachelor,9.0,1.0,226482,50.1,10.1,8,72.7,92.8,3.4,4.4,High,60,25,No,Yes
EMP-1389,31,Male,Operations,Operations Director,PhD,0.5,0.4,62384,45.2,5.2,2,79.1,87.5,3.4,6.1,Low,100,29,Yes,No
EMP-1390,27,Female,R&D,Research Scientist,Master,3.3,2.9,116097,38.0,0.0,2,75.3,98.6,3.0,3.6,Low,0,41,No,No
EMP-1391,30,Male,R&D,Research Scientist,Bachelor,4.7,0.9,135974,39.3,0.0,2,93.4,87.7,4.6,9.5,Medium,50,18,No,No
EMP-1392,39,Male,R&D,Research Scientist,Bachelor,1.0,1.0,71704,45.8,5.8,2,89.2,96.8,4.2,8.1,Low,80,4,No,No
EMP-1393,29,Male,Finance,Chartered Accountant,Diploma,1.7,0.7,73067,52.0,12.0,7,71.2,84.4,3.7,6.0,High,60,22,No,No
EMP-1394,42,Female,Marketing,Growth Marketing Manager,Bachelor,14.4,1.1,357691,42.5,2.5,3,85.2,87.1,4.4,6.7,Medium,20,14,No,No
EMP-1395,37,Male,Sales,Enterprise Sales Lead,Bachelor,16.0,11.4,382286,43.4,3.4,3,74.3,96.2,3.5,7.0,Low,60,32,No,No
EMP-1396,35,Male,Technology,QA Automation Engineer,Bachelor,5.1,3.2,143097,38.9,0.0,2,90.2,91.8,3.6,5.5,Low,60,43,No,No
EMP-1397,43,Male,Sales,Account Executive,Bachelor,0.9,0.8,45604,42.5,2.5,5,85.8,91.7,4.8,6.1,High,0,33,No,No
EMP-1398,28,Male,Human Resources,HR Executive,Bachelor,2.3,1.4,81811,30.1,0.0,2,83.2,89.9,3.8,7.0,Low,100,10,No,No
EMP-1399,21,Male,Marketing,Digital Marketing Specialist,Bachelor,0.5,0.4,56385,41.4,1.4,3,92.2,94.9,4.1,7.7,Medium,80,37,No,No
EMP-1400,38,Male,Marketing,Growth Marketing Manager,Bachelor,2.4,0.8,117358,39.7,0.0,5,72.0,91.9,3.2,6.7,Low,40,18,No,No
EMP-1401,26,Male,Technology,Software Engineer,Bachelor,0.7,0.3,65816,44.2,4.2,4,81.8,90.2,4.3,5.1,Low,60,25,No,No
EMP-1402,30,Female,Human Resources,Compensation & Benefits Specialist,Bachelor,2.8,0.6,79152,39.1,0.0,4,96.7,97.2,4.1,5.4,Low,40,17,No,No
EMP-1403,38,Male,Sales,Enterprise Sales Lead,Bachelor,0.7,0.4,81310,44.6,4.6,5,84.3,92.5,3.6,5.3,Low,60,22,No,No
EMP-1404,21,Male,Marketing,SEO Specialist,Bachelor,0.5,0.4,44102,63.4,23.4,11,65.1,90.4,3.6,5.8,High,40,8,No,Yes
EMP-1405,23,Female,Finance,Payroll Specialist,Bachelor,2.0,1.6,95118,41.8,1.8,3,88.3,93.4,3.8,6.9,Low,0,47,No,No
EMP-1406,32,Female,Technology,Software Engineer,Bachelor,5.2,0.7,140289,44.3,4.3,5,80.8,99.8,4.5,7.7,Low,40,34,No,No
EMP-1407,24,Female,Operations,Operations Director,Master,3.0,0.7,117483,38.0,0.0,5,77.9,98.2,3.7,7.9,Medium,80,18,No,No
EMP-1408,21,Male,Technology,Software Engineer,Bachelor,0.5,0.2,74600,44.0,4.0,5,90.0,94.4,4.8,8.0,Low,80,4,No,No
EMP-1409,29,Female,Sales,Regional Sales Manager,Bachelor,5.0,1.0,168594,67.6,27.6,8,66.1,90.6,3.2,7.1,Medium,60,26,No,No
EMP-1410,29,Female,Customer Support,Customer Support Specialist,Master,2.0,1.8,67455,38.0,0.0,5,92.3,93.1,4.0,8.0,Medium,20,37,No,No
EMP-1411,27,Male,Operations,Operations Director,Master,4.9,3.7,145415,60.3,20.3,5,63.6,89.1,3.6,4.4,High,60,40,No,Yes
EMP-1412,35,Male,Operations,Supply Chain Analyst,Master,4.9,1.4,111876,55.5,15.5,11,77.4,89.0,4.0,2.8,High,50,33,No,Yes
EMP-1413,24,Female,Sales,Sales Executive,Bachelor,3.0,1.0,88250,53.8,13.8,7,93.7,99.6,4.6,3.8,High,60,10,No,Yes
EMP-1414,25,Male,Technology,Data Scientist,Diploma,3.0,1.2,109725,41.8,1.8,2,100.0,95.9,4.4,8.8,Low,50,10,No,No
EMP-1415,32,Female,Sales,Enterprise Sales Lead,Master,4.4,0.4,159956,39.8,0.0,4,93.5,97.1,4.4,5.9,Low,40,18,No,No
EMP-1416,35,Female,Marketing,Digital Marketing Specialist,Bachelor,7.4,5.8,135411,40.2,0.2,5,83.5,99.8,4.2,5.2,Medium,80,40,No,Yes
EMP-1417,44,Male,Finance,Payroll Specialist,Master,11.3,3.4,220996,66.8,26.8,8,95.7,91.8,4.2,4.4,Medium,40,20,Yes,No
EMP-1418,21,Male,Marketing,Growth Marketing Manager,Bachelor,0.5,0.3,81908,48.0,8.0,3,88.9,92.4,4.2,8.0,Low,60,25,No,No
EMP-1419,32,Male,Sales,Business Development Associate,Bachelor,8.7,4.2,171906,47.0,7.0,3,91.0,84.3,3.7,6.9,Medium,50,37,No,No
EMP-1420,21,Female,Technology,Software Engineer,Bachelor,0.5,0.3,63956,36.9,0.0,2,86.8,92.2,4.1,6.5,Low,20,27,No,No
EMP-1421,35,Male,Technology,QA Automation Engineer,Master,4.3,2.6,137228,28.5,0.0,1,80.9,98.5,4.2,6.3,Low,60,32,No,No
EMP-1422,43,Male,Human Resources,HR Business Partner,Bachelor,6.6,6.1,130630,40.0,0.0,5,86.0,97.0,4.1,6.4,Low,80,34,Yes,No
EMP-1423,47,Male,R&D,Innovation Lead,Bachelor,1.6,0.4,130896,35.6,0.0,2,100.0,92.6,4.8,7.1,Low,60,11,No,No
EMP-1424,33,Male,R&D,Innovation Lead,Master,2.8,2.1,134553,44.8,4.8,3,82.8,94.4,4.0,8.0,Low,60,4,No,No
EMP-1425,31,Male,Technology,Data Scientist,Bachelor,6.2,4.8,156654,35.7,0.0,2,65.8,95.8,3.4,8.1,Low,60,32,No,No
EMP-1426,41,Female,Technology,QA Automation Engineer,Bachelor,4.7,2.2,141616,59.3,19.3,8,73.5,84.5,3.5,6.8,Medium,60,38,No,No
EMP-1427,26,Male,Operations,Operations Associate,Master,4.5,4.1,97623,38.0,0.0,4,77.0,99.8,3.6,5.8,Medium,40,31,No,No
EMP-1428,29,Male,Operations,Process Improvement Manager,Master,1.1,0.7,68504,45.1,5.1,2,91.1,94.7,4.4,7.4,Medium,0,28,No,No
EMP-1429,48,Female,Technology,DevOps Engineer,Bachelor,7.3,1.5,173867,59.4,19.4,9,61.7,98.3,3.4,3.1,High,60,40,No,Yes
EMP-1430,34,Male,R&D,Innovation Lead,Master,5.8,5.4,218809,65.7,25.7,7,66.3,90.6,3.8,6.9,High,0,31,No,Yes
EMP-1431,21,Male,Operations,Operations Associate,Bachelor,0.5,0.2,53833,28.9,0.0,1,84.5,86.9,3.8,5.6,Low,60,18,No,No
EMP-1432,33,Male,Human Resources,Compensation & Benefits Specialist,Bachelor,5.3,2.1,116744,42.8,2.8,4,94.7,97.8,4.0,5.3,Low,20,16,No,Yes
EMP-1433,23,Male,Customer Support,Technical Support Engineer,Bachelor,2.0,1.8,60322,34.4,0.0,1,86.5,96.8,4.4,5.2,Low,0,10,No,No
EMP-1434,25,Female,Marketing,Digital Marketing Specialist,Master,2.1,1.6,85835,52.2,12.2,8,69.6,96.8,3.1,3.2,Medium,80,27,Yes,Yes
EMP-1435,37,Male,Technology,DevOps Engineer,Bachelor,2.4,0.6,95929,48.0,8.0,4,80.9,95.8,3.9,10.0,Low,20,16,No,No
EMP-1436,32,Female,Finance,Financial Analyst,Bachelor,3.5,2.6,90907,45.0,5.0,4,93.0,94.7,4.2,6.1,Low,20,39,No,No
EMP-1437,26,Male,Technology,Data Scientist,Bachelor,5.0,3.9,138159,55.6,15.6,11,54.2,83.0,3.3,3.4,High,0,21,No,Yes
EMP-1438,23,Male,Finance,Chartered Accountant,Master,2.0,1.8,93374,45.4,5.4,4,93.3,94.1,4.6,5.1,Low,50,23,No,No
EMP-1439,38,Male,Technology,Tech Lead,Bachelor,1.4,0.5,123990,29.3,0.0,2,81.8,78.4,3.8,6.6,Low,60,15,No,No
EMP-1440,44,Male,Operations,Supply Chain Analyst,Bachelor,1.1,1.0,69041,42.9,2.9,2,91.0,96.0,3.9,7.9,Low,60,28,No,No
EMP-1441,30,Female,Marketing,Content Strategist,Bachelor,3.2,0.4,105252,40.0,0.0,3,83.2,86.2,4.1,4.7,High,100,34,No,No
EMP-1442,27,Male,Marketing,Growth Marketing Manager,Bachelor,2.1,0.5,121144,38.4,0.0,4,70.8,92.7,3.7,7.4,Low,60,21,No,No
EMP-1443,36,Male,R&D,AI/ML Research Engineer,Bachelor,1.7,0.3,104696,53.2,13.2,8,81.2,99.8,4.3,2.7,High,50,40,No,Yes
EMP-1444,32,Male,Sales,Regional Sales Manager,Bachelor,2.1,1.8,87671,38.7,0.0,4,82.0,91.3,3.4,5.3,Low,60,37,No,No
EMP-1445,35,Male,Sales,Regional Sales Manager,Bachelor,6.9,5.6,208931,42.5,2.5,3,83.5,90.5,3.6,6.8,Low,0,46,No,Yes
EMP-1446,29,Female,Operations,Logistics Coordinator,Bachelor,8.0,2.2,160330,55.4,15.4,5,77.0,95.1,3.6,2.3,High,40,20,No,Yes
EMP-1447,39,Female,Human Resources,HR Business Partner,Bachelor,0.5,0.5,43764,45.9,5.9,4,88.1,86.4,4.3,7.8,Medium,60,27,No,No
EMP-1448,32,Female,Technology,Software Engineer,PhD,0.9,0.9,82378,38.0,0.0,4,85.7,95.5,3.7,8.9,Low,50,4,Yes,No
EMP-1449,32,Male,Technology,QA Automation Engineer,Master,11.0,6.1,222779,58.5,18.5,5,80.6,99.8,3.9,4.5,Medium,60,17,No,No
EMP-1450,27,Female,Finance,Risk Manager,Bachelor,6.0,3.4,201818,38.7,0.0,3,84.6,90.5,4.0,7.0,Low,0,29,No,No
EMP-1451,25,Female,Operations,Operations Director,Bachelor,4.0,2.0,141147,38.8,0.0,4,92.6,93.7,4.0,9.5,Low,0,38,No,No
EMP-1452,30,Female,Sales,Account Executive,Master,2.5,1.6,79199,46.6,6.6,3,69.7,91.8,3.4,7.2,Medium,40,10,No,No
EMP-1453,23,Male,Customer Support,Customer Success Manager,Master,1.1,0.5,65543,44.2,4.2,2,97.8,90.8,4.4,4.9,Low,80,43,No,No
EMP-1454,32,Female,Technology,Data Scientist,Bachelor,1.9,1.4,93685,64.4,24.4,8,83.2,84.7,3.9,5.6,High,80,17,No,Yes
EMP-1455,41,Male,R&D,Innovation Lead,Master,0.5,0.3,96862,30.0,0.0,1,80.4,95.5,3.7,9.8,Low,50,24,No,No
EMP-1456,27,Other,Human Resources,Technical Recruiter,Bachelor,6.0,5.3,129550,38.0,0.0,4,100.0,87.6,4.3,8.4,Low,40,33,No,No
EMP-1457,24,Female,Finance,Chartered Accountant,Master,3.0,1.6,106938,48.0,8.0,4,78.1,86.7,4.0,7.7,Low,100,27,No,No
EMP-1458,32,Female,Sales,Account Executive,Bachelor,5.1,1.7,127514,38.0,0.0,3,82.0,91.7,4.0,7.8,Low,50,25,No,No
EMP-1459,23,Female,Technology,Software Engineer,Bachelor,2.0,0.5,90357,47.3,7.3,5,92.7,99.8,4.1,7.9,Medium,60,23,No,No
EMP-1460,33,Male,Sales,Account Executive,Master,0.5,0.5,63006,38.0,0.0,4,90.4,94.5,4.2,8.8,Low,0,24,No,No
EMP-1461,30,Male,Sales,Enterprise Sales Lead,Master,2.9,1.6,138038,43.1,3.1,2,81.7,94.5,4.3,9.2,Low,50,33,No,No
EMP-1462,22,Female,Operations,Process Improvement Manager,Diploma,1.0,0.4,86175,37.3,0.0,2,90.3,91.5,4.1,8.9,Low,60,7,No,No
EMP-1463,38,Male,Customer Support,Support Team Lead,Bachelor,7.0,1.8,186132,42.7,2.7,3,70.2,89.9,4.1,7.7,Low,50,7,No,No
EMP-1464,36,Female,R&D,Research Scientist,Bachelor,1.6,1.4,92481,43.2,3.2,3,84.1,87.9,3.8,4.8,Low,50,37,No,No
EMP-1465,34,Male,Finance,Investment Analyst,PhD,2.8,1.8,103685,45.0,5.0,5,85.9,76.4,3.2,4.9,Low,50,15,No,No
EMP-1466,23,Female,Sales,Enterprise Sales Lead,Bachelor,2.0,1.8,104425,38.7,0.0,3,86.2,80.4,3.5,6.3,Low,80,46,No,No
EMP-1467,34,Male,Sales,Account Executive,Bachelor,5.6,2.9,129682,41.8,1.8,5,88.5,87.2,4.2,6.0,Low,60,7,No,No
EMP-1468,34,Female,Customer Support,Support Team Lead,Bachelor,0.5,0.4,58889,38.7,0.0,3,86.6,87.9,3.6,5.0,Low,20,18,No,No
EMP-1469,46,Male,Sales,Business Development Associate,Bachelor,10.8,5.2,209292,47.6,7.6,2,72.3,93.2,4.1,7.0,Low,0,19,No,No
EMP-1470,33,Female,Finance,Investment Analyst,PhD,6.0,1.6,139799,39.2,0.0,2,81.8,90.5,3.2,6.8,Low,40,28,Yes,No
EMP-1471,31,Male,Sales,Business Development Associate,Bachelor,8.9,5.3,178989,42.8,2.8,2,79.0,87.9,3.8,6.6,Low,50,21,No,No
EMP-1472,45,Female,Finance,Risk Manager,Bachelor,24.0,4.0,552839,43.5,3.5,3,81.0,90.7,3.4,4.4,Medium,100,42,No,No
EMP-1473,21,Male,Sales,Enterprise Sales Lead,Diploma,0.5,0.3,72283,38.0,0.0,2,74.4,91.6,3.6,8.1,Low,0,15,No,No
EMP-1474,38,Female,Customer Support,Customer Support Specialist,Master,3.1,1.6,80240,45.5,5.5,4,80.3,97.6,3.4,8.3,Low,60,17,No,No
EMP-1475,34,Female,Technology,Data Scientist,Bachelor,2.6,2.2,112174,38.0,0.0,2,88.3,99.8,4.5,4.9,Low,0,32,Yes,No
EMP-1476,27,Male,Operations,Operations Associate,Bachelor,6.0,1.0,133862,38.0,0.0,2,100.0,93.0,4.9,7.9,Low,60,4,No,No
EMP-1477,40,Female,Technology,Data Scientist,Bachelor,9.4,5.4,202695,30.8,0.0,2,88.1,97.1,4.1,9.1,Low,50,14,Yes,No
EMP-1478,28,Female,Human Resources,Compensation & Benefits Specialist,Master,0.6,0.5,60561,50.6,10.6,5,85.9,86.2,3.8,6.4,High,80,26,No,Yes
EMP-1479,36,Male,Technology,Cloud Architect,Master,3.6,3.6,156458,47.6,7.6,2,76.8,99.8,3.9,6.5,Low,100,22,No,No
EMP-1480,27,Male,Operations,Process Improvement Manager,Master,2.2,1.2,91224,33.8,0.0,2,69.0,97.9,3.4,8.8,Low,60,19,No,No
EMP-1481,27,Female,Human Resources,HR Business Partner,Master,6.0,5.3,132392,30.4,0.0,1,88.9,99.8,3.9,4.9,Low,50,33,No,No
EMP-1482,46,Female,Sales,Regional Sales Manager,Bachelor,2.9,2.3,116961,35.1,0.0,2,80.1,97.9,4.2,7.8,Low,40,16,Yes,No
EMP-1483,41,Male,Human Resources,Talent Development Lead,Master,13.0,5.4,322157,39.4,0.0,4,77.9,92.4,3.5,6.2,Low,40,26,No,Yes
EMP-1484,37,Male,Human Resources,Technical Recruiter,Bachelor,14.5,8.6,258710,38.8,0.0,2,100.0,89.6,4.2,4.9,Low,20,32,No,No
EMP-1485,28,Male,Technology,DevOps Engineer,Master,7.0,1.1,164843,38.0,0.0,3,78.3,90.2,3.6,6.1,Low,50,25,No,No
EMP-1486,35,Male,Finance,Chartered Accountant,Master,7.6,6.6,159517,41.0,1.0,4,75.9,90.5,3.6,5.5,Medium,0,23,No,Yes
EMP-1487,22,Female,Finance,Financial Analyst,Master,1.0,0.8,73444,56.0,16.0,8,81.7,87.6,4.0,4.1,High,50,23,No,Yes
EMP-1488,38,Male,Technology,Software Engineer,Bachelor,17.0,6.0,300905,38.4,0.0,4,92.2,99.8,3.8,6.7,Low,50,49,No,Yes
EMP-1489,23,Male,Technology,Software Engineer,Bachelor,1.6,1.2,85193,48.0,8.0,5,71.9,95.6,3.3,6.6,High,50,19,Yes,No
EMP-1490,21,Male,Technology,Tech Lead,Bachelor,0.5,0.4,95760,42.1,2.1,3,90.3,84.4,4.1,10.0,Low,100,33,No,No
EMP-1491,24,Female,R&D,Product Designer,Bachelor,3.0,1.7,115797,60.5,20.5,11,57.1,88.9,3.0,4.8,High,20,42,No,Yes
EMP-1492,33,Female,Operations,Supply Chain Analyst,Bachelor,9.8,1.9,179489,38.9,0.0,5,89.8,88.1,4.2,8.7,Low,40,15,No,Yes
EMP-1493,37,Male,Sales,Enterprise Sales Lead,Bachelor,16.0,3.5,367542,41.3,1.3,4,92.7,96.0,4.5,7.7,Low,60,24,No,Yes
EMP-1494,32,Female,Technology,DevOps Engineer,Bachelor,2.6,1.9,111188,38.1,0.0,5,84.3,89.3,3.8,8.1,Medium,40,17,No,No
EMP-1495,26,Male,Operations,Supply Chain Analyst,PhD,5.0,0.9,108083,39.3,0.0,4,89.6,88.1,3.9,7.5,High,100,24,No,No
EMP-1496,32,Male,Technology,QA Automation Engineer,Master,0.5,0.4,76312,42.1,2.1,5,80.9,90.9,3.9,6.2,Medium,80,37,No,No
EMP-1497,31,Female,Sales,Sales Executive,Bachelor,0.6,0.5,51623,38.5,0.0,5,79.6,92.9,3.8,3.4,Low,40,43,Yes,No
EMP-1498,26,Female,Human Resources,Talent Development Lead,Master,2.9,2.8,125910,57.3,17.3,7,51.1,90.1,2.9,6.8,High,40,18,No,Yes
EMP-1499,38,Male,Technology,Senior Developer,Bachelor,4.0,2.4,127599,46.8,6.8,5,88.1,91.5,3.6,7.8,Low,80,11,No,No
EMP-1500,26,Female,Technology,DevOps Engineer,Bachelor,5.0,3.1,131574,45.1,5.1,3,79.8,96.1,3.3,5.8,Low,50,36,No,Yes
EMP-1501,33,Male,Technology,Software Engineer,Bachelor,2.3,1.6,102169,36.3,0.0,2,94.2,91.2,3.9,6.7,Low,60,43,No,No
EMP-1502,33,Female,Finance,Chartered Accountant,Bachelor,2.7,1.2,93540,66.5,26.5,6,72.8,99.8,3.3,5.5,High,60,35,No,Yes
EMP-1503,33,Male,Technology,DevOps Engineer,Master,1.6,1.3,89715,60.3,20.3,11,76.9,93.7,3.8,3.4,High,50,4,No,Yes
EMP-1504,37,Female,Finance,Risk Manager,Master,2.4,1.3,128591,44.6,4.6,4,87.4,92.4,4.1,6.4,Low,0,19,No,Yes
EMP-1505,31,Male,Marketing,Digital Marketing Specialist,Bachelor,0.5,0.3,69313,50.8,10.8,10,82.9,93.5,4.3,1.6,High,60,26,No,Yes
EMP-1506,34,Female,Technology,Software Engineer,Bachelor,8.0,6.0,189258,60.3,20.3,10,87.5,95.5,4.1,4.4,High,50,4,Yes,No
EMP-1507,42,Male,Finance,Chartered Accountant,Bachelor,0.5,0.2,67672,38.6,0.0,2,72.6,99.8,3.8,3.8,Medium,60,25,Yes,No
EMP-1508,30,Female,Sales,Regional Sales Manager,Bachelor,9.0,0.8,243958,55.7,15.7,11,78.1,82.8,3.7,3.3,High,60,9,Yes,Yes
EMP-1509,35,Female,Human Resources,Compensation & Benefits Specialist,Bachelor,14.0,13.3,258761,65.9,25.9,9,58.4,81.2,3.1,1.9,High,40,30,No,Yes
EMP-1510,37,Male,Human Resources,Talent Development Lead,Bachelor,8.5,1.2,214739,52.9,12.9,10,68.1,84.0,3.7,1.0,High,50,17,No,Yes
EMP-1511,37,Male,Operations,Operations Associate,Bachelor,12.8,0.3,211141,42.4,2.4,4,86.3,93.7,4.0,5.6,Medium,60,25,No,No
EMP-1512,36,Male,Operations,Process Improvement Manager,Bachelor,4.6,1.9,135274,39.6,0.0,4,99.4,95.3,4.0,8.8,Low,0,32,No,No
EMP-1513,28,Female,Customer Support,Support Team Lead,Master,7.0,6.9,184041,36.7,0.0,2,87.1,89.2,3.8,7.3,Low,80,25,No,No
EMP-1514,41,Male,Operations,Process Improvement Manager,Master,2.9,1.3,108132,40.9,0.9,3,94.4,95.0,4.1,4.4,Low,50,24,No,No
EMP-1515,21,Male,Operations,Process Improvement Manager,Master,0.5,0.3,76543,46.6,6.6,4,89.2,92.2,4.0,4.3,Low,80,20,No,No
EMP-1516,35,Male,Finance,Payroll Specialist,Bachelor,2.2,1.5,78754,45.5,5.5,4,83.1,89.1,4.0,8.1,Low,80,5,No,No
EMP-1517,23,Female,Technology,DevOps Engineer,Bachelor,2.0,0.3,98526,42.3,2.3,2,77.8,92.2,3.4,8.3,Medium,50,31,No,No
EMP-1518,29,Male,Technology,Tech Lead,Bachelor,3.9,1.9,165881,44.4,4.4,4,96.5,95.9,4.6,8.9,Low,0,40,No,No
EMP-1519,34,Male,Marketing,Digital Marketing Specialist,Bachelor,4.6,1.6,118898,65.3,25.3,7,75.2,86.7,3.6,7.5,High,50,27,No,Yes
EMP-1520,39,Female,Customer Support,Customer Success Manager,Master,0.8,0.3,64292,43.4,3.4,3,79.7,91.0,3.6,7.1,Low,50,22,No,No
EMP-1521,27,Male,Technology,Data Scientist,Bachelor,1.2,0.6,86794,47.9,7.9,5,73.3,85.4,3.8,8.2,Low,100,48,No,No
EMP-1522,26,Male,Technology,QA Automation Engineer,Bachelor,3.3,2.9,121625,41.5,1.5,3,81.2,95.3,4.2,8.3,Low,0,33,No,No
EMP-1523,43,Male,Technology,QA Automation Engineer,PhD,4.2,3.5,120045,32.5,0.0,2,92.9,90.1,4.4,7.2,Low,50,27,No,No
EMP-1524,30,Male,Technology,Tech Lead,Bachelor,9.0,8.1,248894,36.2,0.0,1,73.9,80.1,3.7,6.3,Low,60,8,No,No
EMP-1525,27,Male,Technology,Cloud Architect,Master,2.3,1.6,122327,30.0,0.0,1,84.5,99.0,3.9,8.5,Low,100,7,No,No
EMP-1526,45,Male,Technology,DevOps Engineer,Bachelor,2.8,1.1,117171,45.2,5.2,4,83.5,93.1,4.0,6.9,High,50,22,No,No
EMP-1527,24,Female,Operations,Operations Associate,Bachelor,3.0,2.7,95109,55.5,15.5,11,82.4,89.6,3.5,3.9,High,80,43,No,No
EMP-1528,27,Female,Operations,Supply Chain Analyst,Bachelor,6.0,3.4,126930,38.8,0.0,3,89.0,88.3,4.0,9.4,Low,0,4,No,Yes
EMP-1529,29,Female,Technology,Senior Developer,Bachelor,7.1,5.8,175137,48.0,8.0,2,85.7,88.9,3.8,3.9,Low,0,36,No,No
EMP-1530,21,Male,Marketing,Digital Marketing Specialist,Bachelor,0.5,0.2,60189,43.4,3.4,5,86.5,93.1,4.5,6.2,Low,20,34,No,No
EMP-1531,29,Male,Customer Support,Technical Support Engineer,Bachelor,8.0,6.4,142759,61.5,21.5,11,91.6,89.0,3.8,4.3,High,0,18,No,No
EMP-1532,24,Female,Technology,QA Automation Engineer,PhD,2.0,0.9,89521,44.2,4.2,3,85.8,99.8,3.8,8.9,Low,100,4,No,No
EMP-1533,34,Male,R&D,Research Scientist,Master,9.9,1.4,221559,42.2,2.2,3,94.9,84.0,4.2,6.5,Low,100,34,No,No
EMP-1534,39,Male,Finance,Payroll Specialist,Diploma,0.5,0.2,57100,38.0,0.0,4,74.5,93.7,3.5,6.4,Low,50,16,No,No
EMP-1535,31,Female,Sales,Account Executive,Master,1.0,0.4,57688,42.3,2.3,4,86.4,87.5,3.8,6.8,Low,0,14,No,No
EMP-1536,47,Male,Customer Support,Customer Success Manager,Bachelor,1.7,1.2,95143,58.9,18.9,9,68.9,99.8,3.5,2.9,High,50,8,No,Yes
EMP-1537,29,Male,Technology,Senior Developer,Bachelor,6.6,6.0,156019,45.7,5.7,2,77.1,90.8,3.8,5.4,Low,0,25,No,No
EMP-1538,25,Female,Technology,Cloud Architect,Master,2.2,0.4,131083,64.5,24.5,7,96.0,88.0,4.0,5.4,Medium,100,15,No,Yes
EMP-1539,27,Male,Sales,Account Executive,Diploma,6.0,4.3,129394,62.9,22.9,8,96.0,96.8,4.3,1.2,High,20,10,No,Yes
EMP-1540,31,Other,Finance,Investment Analyst,Bachelor,7.1,0.6,157583,41.0,1.0,5,81.1,92.1,3.6,8.7,Low,50,20,No,No
EMP-1541,33,Male,R&D,Product Designer,Master,8.1,7.5,182440,42.8,2.8,3,84.4,83.6,3.3,6.2,Low,50,39,Yes,No
EMP-1542,22,Male,R&D,Innovation Lead,Master,1.0,0.8,106577,43.1,3.1,3,75.2,91.9,4.2,8.1,Medium,50,24,No,No
EMP-1543,32,Other,Operations,Supply Chain Analyst,Bachelor,2.2,1.4,71476,47.6,7.6,3,85.9,99.8,3.8,5.3,Medium,50,15,Yes,No
EMP-1544,21,Male,Technology,QA Automation Engineer,Master,0.5,0.2,66282,48.0,8.0,5,92.5,98.0,4.2,5.6,Low,60,27,No,No
EMP-1545,37,Male,Technology,Cloud Architect,Master,9.5,2.3,280953,49.4,9.4,11,82.7,99.8,3.6,3.5,Medium,60,18,No,Yes
EMP-1546,35,Male,Sales,Business Development Associate,Master,9.6,3.3,186165,45.9,5.9,5,88.6,90.3,3.9,7.7,Low,20,22,No,No
EMP-1547,37,Male,R&D,Research Scientist,Bachelor,2.1,0.9,96224,36.2,0.0,2,93.1,83.6,4.5,8.4,Low,50,20,Yes,No
EMP-1548,31,Male,Marketing,Content Strategist,Diploma,0.5,0.5,58091,41.9,1.9,4,94.1,93.1,4.5,8.6,Low,60,17,No,No
EMP-1549,36,Female,Technology,Cloud Architect,Bachelor,0.5,0.3,108727,43.4,3.4,4,79.0,92.5,3.7,9.1,Low,60,14,No,No
EMP-1550,36,Male,Sales,Regional Sales Manager,Master,0.6,0.4,74196,39.6,0.0,3,100.0,86.1,4.1,7.0,Low,0,7,No,No
EMP-1551,34,Male,Technology,Software Engineer,Bachelor,13.0,11.3,250464,37.1,0.0,1,85.0,94.7,3.8,4.8,Low,60,47,Yes,No
EMP-1552,31,Male,Sales,Account Executive,Bachelor,7.5,4.8,153178,44.9,4.9,2,89.5,95.5,3.8,7.5,Low,40,44,No,No
EMP-1553,30,Male,Finance,Payroll Specialist,Diploma,9.0,7.0,197134,41.6,1.6,3,91.2,95.7,4.0,7.5,Low,50,38,No,No
EMP-1554,43,Male,Finance,Risk Manager,Bachelor,8.7,5.6,266195,44.3,4.3,2,87.2,94.0,4.0,8.7,Low,60,8,Yes,Yes
EMP-1555,24,Male,Technology,Tech Lead,Master,3.0,1.0,146075,50.5,10.5,6,90.3,93.8,4.5,4.7,High,40,17,Yes,Yes
EMP-1556,30,Female,Human Resources,HR Executive,Master,0.5,0.4,44953,42.4,2.4,4,100.0,93.8,4.6,5.1,Medium,80,16,Yes,No
EMP-1557,27,Male,Marketing,SEO Specialist,Bachelor,6.0,2.0,132140,28.1,0.0,1,90.0,97.3,4.4,8.0,Low,50,6,No,No
EMP-1558,30,Female,Technology,Senior Developer,Bachelor,0.5,0.3,67059,38.0,0.0,2,83.3,97.5,3.8,6.6,Low,40,17,Yes,Yes
EMP-1559,30,Male,Human Resources,Compensation & Benefits Specialist,Diploma,6.1,4.8,131799,44.1,4.1,3,86.2,93.2,3.9,8.9,Low,60,5,No,Yes
EMP-1560,25,Female,Technology,Cloud Architect,Bachelor,4.0,2.5,178397,43.6,3.6,5,97.4,95.1,4.0,6.9,Low,80,5,No,No
EMP-1561,31,Male,R&D,AI/ML Research Engineer,Master,0.6,0.4,88123,47.1,7.1,4,83.9,95.1,4.5,4.7,High,0,14,No,No
EMP-1562,31,Male,Marketing,SEO Specialist,Bachelor,10.0,9.0,192042,41.9,1.9,4,87.3,92.9,3.8,6.5,Low,20,20,No,No
EMP-1563,26,Male,Technology,Software Engineer,Bachelor,0.5,0.5,74729,44.8,4.8,4,91.1,95.9,4.1,7.0,Low,60,10,No,No
EMP-1564,29,Male,Technology,DevOps Engineer,Bachelor,8.0,0.6,188850,44.3,4.3,4,89.8,96.5,4.0,6.5,Medium,40,26,No,No
EMP-1565,34,Male,Technology,Software Engineer,Master,11.3,9.4,230093,43.0,3.0,3,100.0,95.3,4.5,5.1,Low,20,4,Yes,No
EMP-1566,21,Male,Operations,Operations Director,Bachelor,0.5,0.3,71240,65.2,25.2,5,91.4,86.1,4.0,3.1,High,50,35,No,Yes
EMP-1567,35,Female,Technology,Data Scientist,Bachelor,0.5,0.3,61888,38.0,0.0,2,95.5,90.7,4.1,7.5,Medium,0,25,No,No
EMP-1568,32,Male,R&D,Product Designer,Master,8.6,4.9,191523,41.6,1.6,2,81.3,88.1,4.1,7.7,High,20,18,No,No
EMP-1569,29,Male,Operations,Process Improvement Manager,Master,6.2,3.5,164246,57.6,17.6,11,68.4,94.0,3.5,1.0,High,20,22,No,Yes
EMP-1570,44,Male,Technology,QA Automation Engineer,Bachelor,5.3,4.9,143011,42.7,2.7,4,76.9,99.8,3.7,8.9,Medium,100,33,No,No
EMP-1571,34,Male,Marketing,SEO Specialist,Master,2.3,1.2,88186,39.7,0.0,2,85.4,91.2,4.0,5.2,Low,60,10,No,No
EMP-1572,41,Female,Technology,Cloud Architect,Bachelor,3.0,2.4,160709,45.5,5.5,4,91.6,99.8,4.6,3.1,Low,80,40,No,No
EMP-1573,36,Female,Technology,QA Automation Engineer,Master,1.8,1.6,99449,61.5,21.5,7,74.7,84.5,3.8,4.1,Medium,0,4,No,No
EMP-1574,37,Female,R&D,Innovation Lead,PhD,0.5,0.4,110600,48.0,8.0,4,99.1,90.1,4.9,5.0,Low,50,4,No,No
EMP-1575,34,Male,Finance,Chartered Accountant,Master,5.0,4.7,126495,50.9,10.9,10,77.6,94.9,3.9,5.0,High,60,11,No,No
EMP-1576,31,Male,Technology,Senior Developer,Master,0.5,0.3,67950,40.6,0.6,2,93.3,95.7,4.7,6.5,Low,50,17,No,No
EMP-1577,28,Male,Customer Support,Customer Support Specialist,Bachelor,7.0,4.2,138395,49.9,9.9,9,68.6,99.7,3.6,1.0,Medium,40,43,No,No
EMP-1578,38,Female,Finance,Investment Analyst,Bachelor,3.6,0.9,119101,48.0,8.0,3,94.6,88.7,4.4,5.7,Medium,60,16,No,No
EMP-1579,41,Female,R&D,Innovation Lead,Master,1.3,1.0,140950,53.8,13.8,9,50.1,91.2,3.1,5.2,High,0,35,No,Yes
EMP-1580,21,Female,Marketing,Growth Marketing Manager,Bachelor,0.5,0.2,65940,42.6,2.6,5,79.9,93.4,3.9,5.9,Low,80,26,No,No
EMP-1581,44,Male,Finance,Risk Manager,Diploma,14.7,8.5,372092,42.7,2.7,2,84.3,94.9,4.0,6.2,Low,20,19,No,Yes
EMP-1582,37,Female,Technology,DevOps Engineer,Master,6.1,4.1,158467,39.0,0.0,2,88.7,99.8,4.3,8.5,Low,40,26,No,No
EMP-1583,24,Female,Human Resources,Compensation & Benefits Specialist,Bachelor,3.0,1.9,84319,51.8,11.8,10,51.2,81.5,2.6,4.7,High,40,29,No,Yes
EMP-1584,28,Male,Customer Support,Customer Support Specialist,Bachelor,2.6,0.8,65263,38.0,0.0,3,91.8,99.8,4.1,6.1,Low,40,4,Yes,Yes
EMP-1585,36,Other,Technology,QA Automation Engineer,Bachelor,1.2,0.6,72710,44.5,4.5,4,80.9,88.7,3.7,7.8,Low,40,18,No,No
EMP-1586,24,Female,Operations,Process Improvement Manager,Diploma,3.0,1.7,119592,41.5,1.5,5,85.8,93.0,3.7,7.2,Medium,20,35,No,No
EMP-1587,30,Male,Technology,Cloud Architect,Bachelor,5.8,5.0,196496,43.9,3.9,2,76.6,95.9,3.8,7.4,Low,40,47,No,No
EMP-1588,25,Male,Technology,DevOps Engineer,Master,4.0,3.9,121831,63.3,23.3,10,77.3,99.8,3.6,3.7,High,50,20,No,No
EMP-1589,30,Male,Technology,QA Automation Engineer,Master,8.6,5.1,193403,38.0,0.0,5,86.5,98.5,4.5,7.8,Low,0,5,No,No
EMP-1590,36,Female,Technology,Tech Lead,Bachelor,0.5,0.2,83295,43.4,3.4,5,96.7,97.2,4.2,7.4,Low,20,25,No,No
EMP-1591,30,Female,Operations,Operations Associate,Master,6.5,3.8,134823,60.5,20.5,10,88.7,99.7,4.0,4.8,High,100,20,No,Yes
EMP-1592,36,Male,Technology,QA Automation Engineer,Bachelor,1.5,0.8,92474,47.9,7.9,3,93.2,90.4,4.2,9.0,Low,40,22,No,No
EMP-1593,27,Male,Finance,Chartered Accountant,Master,0.5,0.5,59228,56.3,16.3,6,96.0,89.6,4.6,4.3,Medium,80,30,No,Yes
EMP-1594,29,Female,R&D,Product Designer,Master,5.6,4.2,150271,67.2,27.2,5,62.4,94.5,3.5,2.5,High,50,8,No,Yes
EMP-1595,36,Male,R&D,Product Designer,Bachelor,2.5,1.2,111449,48.0,8.0,2,100.0,85.8,4.1,9.8,High,100,28,No,No
EMP-1596,29,Male,Technology,QA Automation Engineer,Diploma,4.8,0.4,122659,64.6,24.6,5,70.0,90.3,3.7,5.3,High,0,15,No,Yes
EMP-1597,37,Female,Technology,Software Engineer,Bachelor,2.4,0.6,91581,45.8,5.8,3,76.4,90.9,3.3,6.1,Low,0,18,No,No
EMP-1598,27,Male,Technology,QA Automation Engineer,Bachelor,6.0,4.3,144739,40.6,0.6,2,86.1,88.6,4.1,6.0,Low,20,43,No,No
EMP-1599,32,Male,R&D,Product Designer,Bachelor,0.5,0.3,73768,44.8,4.8,3,94.5,98.5,4.6,5.3,Low,20,17,No,No
EMP-1600,32,Male,Finance,Risk Manager,Master,6.9,5.3,213810,28.0,0.0,1,62.1,96.6,2.9,9.8,Low,60,36,No,No
EMP-1601,26,Female,Marketing,Content Strategist,Bachelor,4.9,2.8,126468,44.3,4.3,2,93.0,91.5,3.6,8.2,Low,0,24,No,No
EMP-1602,23,Other,R&D,AI/ML Research Engineer,Bachelor,2.0,0.9,109949,55.0,15.0,11,59.0,89.1,3.1,3.5,High,50,21,No,Yes
EMP-1603,36,Male,R&D,Innovation Lead,Bachelor,1.3,1.1,125355,32.6,0.0,1,71.1,90.8,3.8,9.1,Low,50,22,No,No
EMP-1604,38,Male,Operations,Logistics Coordinator,Master,5.1,0.9,109440,45.1,5.1,2,94.1,88.1,4.0,8.5,Low,50,45,No,No
EMP-1605,31,Female,Finance,Payroll Specialist,Bachelor,10.0,1.5,202365,52.5,12.5,8,71.5,92.5,3.2,3.4,High,60,17,No,Yes
EMP-1606,23,Male,Sales,Business Development Associate,Bachelor,2.0,1.6,67819,33.4,0.0,1,68.1,93.4,3.1,7.9,Low,0,10,No,No
EMP-1607,27,Female,Finance,Investment Analyst,Master,6.0,5.3,139173,39.2,0.0,2,92.6,86.4,4.0,6.9,Low,60,12,Yes,No
EMP-1608,32,Female,R&D,Innovation Lead,Bachelor,6.2,5.8,205213,38.0,0.0,4,85.8,93.3,3.4,7.2,Low,80,42,No,No
EMP-1609,28,Male,Finance,Investment Analyst,Bachelor,0.5,0.4,51829,55.9,15.9,10,82.5,89.7,3.5,5.1,High,40,13,No,Yes
EMP-1610,39,Female,Finance,Investment Analyst,Master,8.5,4.8,194581,40.6,0.6,3,84.9,93.4,4.1,7.6,Low,50,15,No,No
EMP-1611,24,Female,Human Resources,Technical Recruiter,Master,0.5,0.3,46863,40.6,0.6,3,94.8,96.4,4.2,3.6,Low,100,33,No,No
EMP-1612,26,Female,Operations,Operations Director,Diploma,5.0,3.8,153789,44.4,4.4,4,82.3,94.7,4.1,8.2,Low,50,11,Yes,No
EMP-1613,31,Male,Technology,QA Automation Engineer,Master,10.0,4.5,212143,43.2,3.2,5,95.7,95.0,4.7,7.3,Medium,60,21,Yes,No
EMP-1614,28,Male,Sales,Enterprise Sales Lead,Master,5.9,3.5,171757,41.2,1.2,3,87.1,81.1,3.9,4.6,Low,50,21,No,No
EMP-1615,32,Female,Technology,Data Scientist,Diploma,4.2,2.9,124538,41.7,1.7,4,97.3,90.6,4.0,7.3,Low,50,33,Yes,No
EMP-1616,28,Male,Sales,Account Executive,Bachelor,3.8,3.6,113201,42.7,2.7,3,96.2,97.8,4.3,6.0,Medium,100,19,No,Yes
EMP-1617,27,Male,Customer Support,Customer Support Specialist,Master,6.0,2.0,111738,45.1,5.1,2,80.2,91.3,4.1,5.3,Low,80,35,Yes,No
EMP-1618,27,Male,Human Resources,HR Business Partner,Bachelor,5.1,2.9,119137,41.6,1.6,5,98.8,89.3,3.9,4.6,Medium,60,33,No,No
EMP-1619,26,Female,Technology,Senior Developer,Bachelor,1.3,1.0,87235,37.0,0.0,1,98.2,90.3,4.3,8.9,Low,60,12,No,No
EMP-1620,33,Male,Operations,Operations Director,Master,1.4,0.7,93945,32.6,0.0,2,70.0,89.5,3.5,7.8,Low,80,37,No,No
EMP-1621,31,Other,Human Resources,Talent Development Lead,Bachelor,6.0,4.0,176967,48.0,8.0,2,85.6,88.3,3.2,5.5,Low,20,22,No,No
EMP-1622,21,Female,Sales,Sales Executive,Bachelor,0.5,0.4,54944,38.0,0.0,4,81.6,90.3,4.7,6.2,Medium,40,40,Yes,No
EMP-1623,21,Male,Operations,Operations Associate,Master,0.5,0.3,56352,42.7,2.7,2,76.8,78.4,3.4,8.7,Low,40,37,No,No
EMP-1624,41,Male,Sales,Sales Executive,Bachelor,11.0,4.8,204943,44.5,4.5,3,83.4,98.0,4.1,6.4,High,0,18,Yes,Yes
EMP-1625,24,Female,Sales,Regional Sales Manager,Bachelor,3.0,0.8,122631,38.0,0.0,2,83.6,94.5,3.8,7.5,Medium,0,31,No,No
EMP-1626,39,Male,Technology,Senior Developer,Bachelor,2.2,1.4,95727,39.3,0.0,3,82.9,95.0,3.8,6.2,Low,50,23,Yes,No
EMP-1627,36,Male,Marketing,SEO Specialist,Master,1.6,0.5,53718,43.7,3.7,2,75.8,88.5,3.3,5.9,Low,60,15,Yes,No
EMP-1628,33,Female,Operations,Supply Chain Analyst,Bachelor,1.7,1.3,59547,42.9,2.9,2,74.4,89.5,3.4,6.2,Low,80,19,Yes,No
EMP-1629,31,Male,Technology,Cloud Architect,Master,0.7,0.3,84186,48.0,8.0,5,84.1,91.2,3.9,4.5,Low,50,40,No,No
EMP-1630,43,Female,Technology,Data Scientist,Bachelor,3.9,1.2,119602,57.1,17.1,9,96.0,92.8,4.3,3.5,High,0,32,Yes,No
EMP-1631,29,Female,Sales,Regional Sales Manager,Master,8.0,6.7,215873,36.6,0.0,2,97.1,91.8,4.6,5.9,Low,80,7,No,Yes
EMP-1632,27,Male,Sales,Account Executive,Bachelor,3.9,2.7,94461,41.9,1.9,2,95.2,96.4,4.2,5.2,Low,100,33,No,No
EMP-1633,29,Female,Human Resources,Technical Recruiter,Master,5.3,4.5,117758,41.0,1.0,3,87.0,88.1,3.7,7.7,Low,40,38,No,No
EMP-1634,33,Male,Technology,Senior Developer,Bachelor,0.5,0.2,63816,45.5,5.5,4,92.5,91.0,4.5,6.5,Low,40,5,No,No
EMP-1635,27,Male,Technology,Senior Developer,PhD,0.5,0.3,66693,41.8,1.8,2,68.4,93.3,3.0,5.8,Low,20,49,No,No
EMP-1636,42,Male,Operations,Supply Chain Analyst,Master,8.6,1.8,168683,39.2,0.0,3,93.6,95.1,4.3,5.4,Low,50,13,Yes,No
EMP-1637,37,Female,Technology,QA Automation Engineer,Bachelor,2.8,2.2,104497,50.7,10.7,7,80.0,96.9,4.0,1.9,Medium,100,25,No,Yes
EMP-1638,33,Female,Technology,Cloud Architect,Bachelor,12.0,2.0,316858,45.6,5.6,5,74.1,99.8,3.5,10.0,Low,50,14,No,No
EMP-1639,31,Male,Sales,Sales Executive,Bachelor,4.1,0.7,104535,55.4,15.4,9,94.1,98.2,4.0,4.6,Medium,40,34,No,Yes
EMP-1640,29,Male,Technology,Tech Lead,Diploma,8.0,7.7,256609,44.4,4.4,5,73.9,91.2,3.1,7.4,Low,80,26,No,Yes
EMP-1641,29,Female,Marketing,Brand Manager,Bachelor,1.1,0.9,78505,41.8,1.8,2,71.4,95.4,3.6,4.9,Low,50,11,No,No
EMP-1642,26,Female,Sales,Account Executive,Bachelor,5.0,1.6,130111,43.9,3.9,5,85.3,93.2,3.6,8.6,Low,0,22,No,No
EMP-1643,37,Female,Sales,Business Development Associate,Bachelor,5.9,1.8,143845,56.9,16.9,10,62.9,87.9,3.1,5.7,Medium,40,29,No,No
EMP-1644,42,Male,Sales,Regional Sales Manager,Diploma,3.4,3.2,136410,41.2,1.2,4,88.9,91.1,4.1,8.4,Low,50,4,No,No
EMP-1645,30,Male,Finance,Payroll Specialist,Master,9.0,8.4,185741,30.4,0.0,2,85.7,93.1,3.8,8.7,Low,60,4,No,No
EMP-1646,27,Female,R&D,Innovation Lead,Bachelor,6.0,0.8,213422,51.9,11.9,10,52.3,93.9,2.6,4.6,Medium,100,15,No,No
EMP-1647,23,Male,Sales,Enterprise Sales Lead,Bachelor,2.0,0.7,103762,50.5,10.5,7,76.2,97.0,4.1,5.9,High,100,20,No,No
EMP-1648,33,Male,Human Resources,Technical Recruiter,Bachelor,12.0,11.2,214581,42.8,2.8,2,83.9,95.1,3.9,4.2,Low,60,13,No,No
EMP-1649,40,Female,Sales,Regional Sales Manager,Master,13.6,4.2,332915,28.8,0.0,1,86.1,90.0,3.8,9.8,Low,80,15,Yes,No
EMP-1650,21,Male,Operations,Logistics Coordinator,Bachelor,0.5,0.3,60028,42.3,2.3,4,90.3,93.1,4.1,9.3,Low,60,16,No,No
EMP-1651,23,Male,Technology,Software Engineer,Bachelor,2.0,0.5,89046,58.0,18.0,9,81.3,97.2,4.0,4.6,High,80,32,No,No
EMP-1652,33,Female,Operations,Process Improvement Manager,Bachelor,2.6,2.1,110836,42.8,2.8,2,74.9,88.4,3.3,7.0,Low,100,11,No,No
EMP-1653,35,Female,Finance,Chartered Accountant,Master,4.9,3.6,135775,46.4,6.4,4,80.7,91.5,3.9,8.0,Low,40,23,No,No
EMP-1654,36,Female,Customer Support,Customer Success Manager,Bachelor,1.6,1.3,78939,40.5,0.5,2,76.8,97.9,3.3,8.4,Medium,0,32,No,No
EMP-1655,37,Male,Marketing,Digital Marketing Specialist,Master,4.7,0.2,121677,29.1,0.0,2,81.9,93.5,4.3,6.6,Low,0,25,No,No
EMP-1656,29,Male,Sales,Business Development Associate,Bachelor,3.2,0.4,90155,42.8,2.8,4,91.5,91.6,3.9,7.0,Low,60,13,No,No
EMP-1657,32,Female,Technology,Data Scientist,Bachelor,1.0,0.5,70370,38.0,0.0,5,84.5,97.0,3.9,7.3,Low,50,31,No,No
EMP-1658,32,Male,Sales,Business Development Associate,Bachelor,0.7,0.6,54643,67.7,27.7,9,83.5,92.6,3.8,5.6,High,50,25,No,No
EMP-1659,26,Female,Technology,Senior Developer,Bachelor,4.5,0.3,125067,31.8,0.0,1,86.0,89.5,3.7,6.8,Low,40,14,No,No
EMP-1660,26,Male,Operations,Process Improvement Manager,Bachelor,3.3,2.5,116078,42.6,2.6,4,82.8,92.0,3.7,8.3,Low,80,17,No,No
EMP-1661,29,Female,Technology,Tech Lead,Master,1.3,0.7,102018,38.0,0.0,4,100.0,98.8,4.7,6.2,Low,60,6,No,No
EMP-1662,35,Female,R&D,Product Designer,Bachelor,1.8,0.9,100869,38.0,0.0,5,87.6,83.7,4.5,8.2,High,50,21,No,No
EMP-1663,25,Female,Operations,Supply Chain Analyst,Bachelor,0.9,0.9,57012,43.9,3.9,5,91.9,87.5,4.0,7.4,Low,20,23,No,No
EMP-1664,31,Male,Technology,Cloud Architect,Master,2.4,2.4,138281,62.9,22.9,9,79.1,95.3,3.5,2.0,High,0,31,No,Yes
EMP-1665,30,Male,Technology,Software Engineer,Master,9.0,7.1,192244,39.4,0.0,3,82.8,95.5,3.8,9.2,Low,50,31,No,Yes
EMP-1666,24,Male,Sales,Account Executive,Master,0.7,0.6,53282,45.7,5.7,5,83.2,96.6,4.2,9.3,Low,0,14,No,No
EMP-1667,33,Male,R&D,AI/ML Research Engineer,Master,4.3,1.1,141202,41.6,1.6,2,86.6,90.7,3.1,9.8,Low,40,14,No,No
EMP-1668,33,Male,Sales,Account Executive,Bachelor,2.7,1.4,80577,35.5,0.0,2,85.7,91.7,3.7,9.7,Low,0,10,No,No
EMP-1669,39,Female,Finance,Payroll Specialist,Master,17.4,2.5,318481,41.2,1.2,3,78.8,92.9,3.7,6.4,Low,50,24,No,No
EMP-1670,37,Female,Technology,Data Scientist,Master,8.4,4.6,181400,42.1,2.1,2,88.3,94.3,4.0,5.7,Low,80,31,No,No
EMP-1671,48,Female,Customer Support,Support Team Lead,Bachelor,0.9,0.4,65979,51.0,11.0,6,91.9,93.5,3.9,6.8,High,50,21,No,No
EMP-1672,39,Male,Technology,Data Scientist,Bachelor,1.0,0.3,79318,38.0,0.0,2,86.1,91.6,3.9,6.9,Medium,50,31,No,No
EMP-1673,31,Male,Technology,Cloud Architect,Master,10.0,8.3,289712,42.8,2.8,2,98.4,91.4,4.4,7.4,Low,0,44,No,No
EMP-1674,35,Female,Finance,Payroll Specialist,Bachelor,1.1,0.6,70585,38.0,0.0,2,96.9,87.3,4.5,7.6,Low,40,21,No,No
EMP-1675,24,Male,Sales,Sales Executive,Bachelor,0.8,0.5,54415,41.7,1.7,3,81.7,85.3,3.8,9.0,Low,100,46,No,No
EMP-1676,34,Male,R&D,Product Designer,Master,8.5,3.2,184329,46.8,6.8,4,92.8,91.4,4.8,6.4,Low,20,24,No,No
EMP-1677,28,Male,Technology,Tech Lead,Bachelor,7.0,5.2,216923,42.6,2.6,3,93.3,96.4,4.2,6.3,Low,100,24,No,Yes
EMP-1678,26,Male,Marketing,Digital Marketing Specialist,Master,1.8,0.5,74005,42.4,2.4,5,87.0,89.2,3.6,5.7,Low,20,21,Yes,No
EMP-1679,21,Male,Operations,Supply Chain Analyst,Bachelor,0.5,0.5,51898,46.6,6.6,2,97.3,89.1,4.8,5.9,Medium,100,25,No,No
EMP-1680,26,Male,Sales,Enterprise Sales Lead,Bachelor,4.2,2.5,142123,43.3,3.3,3,83.2,97.8,3.9,7.8,Medium,20,43,No,No
EMP-1681,21,Male,Technology,Software Engineer,Bachelor,0.5,0.2,56276,48.0,8.0,2,91.0,97.7,4.3,7.9,Low,50,4,No,No
EMP-1682,26,Male,Technology,Tech Lead,Master,5.0,2.6,168002,52.1,12.1,6,85.6,86.9,3.8,4.7,High,40,45,No,No
EMP-1683,21,Female,Marketing,Digital Marketing Specialist,Master,0.5,0.5,56154,45.0,5.0,3,83.9,99.8,3.9,5.3,Medium,50,33,No,No
EMP-1684,24,Other,Human Resources,Talent Development Lead,Bachelor,3.0,2.6,138461,62.1,22.1,11,75.4,87.1,3.2,4.4,High,60,12,No,No
EMP-1685,33,Male,Sales,Regional Sales Manager,Master,2.7,1.4,127795,41.0,1.0,2,91.2,88.2,4.0,6.9,Low,60,15,No,No
EMP-1686,31,Male,Human Resources,Talent Development Lead,Master,0.8,0.6,86408,41.8,1.8,3,93.0,97.9,3.6,6.4,Medium,40,21,No,No
EMP-1687,31,Male,Operations,Supply Chain Analyst,Bachelor,2.7,1.9,78525,41.3,1.3,3,85.3,87.8,4.5,6.2,Low,40,39,Yes,No
EMP-1688,44,Male,Sales,Regional Sales Manager,Bachelor,3.4,0.4,140798,59.6,19.6,9,52.5,99.8,2.7,4.5,Medium,50,23,No,No
EMP-1689,26,Female,R&D,AI/ML Research Engineer,Master,0.5,0.4,75523,42.8,2.8,5,76.7,94.8,3.4,7.8,High,60,35,No,No
EMP-1690,31,Male,Operations,Operations Director,Bachelor,10.0,7.9,241778,50.1,10.1,6,85.0,95.0,4.6,5.5,Medium,20,24,No,Yes
EMP-1691,31,Male,Finance,Investment Analyst,Master,2.6,2.3,87675,42.5,2.5,4,86.6,93.0,3.6,7.1,Low,50,12,Yes,No
EMP-1692,26,Male,Technology,Data Scientist,Bachelor,0.9,0.7,72930,29.9,0.0,2,75.3,89.6,3.2,6.2,Low,80,49,No,No
EMP-1693,36,Male,Technology,Data Scientist,Master,15.0,2.8,274816,43.0,3.0,2,80.9,90.3,3.3,7.0,Low,80,36,No,No
EMP-1694,28,Male,Human Resources,Compensation & Benefits Specialist,Diploma,7.0,6.7,156885,40.9,0.9,4,82.3,89.7,4.1,7.7,Low,0,7,No,No
EMP-1695,32,Male,R&D,Product Designer,PhD,4.6,0.8,154993,42.4,2.4,2,81.9,92.2,3.8,5.6,Low,0,4,No,No
EMP-1696,40,Male,Sales,Business Development Associate,Bachelor,1.1,0.5,54504,47.9,7.9,3,95.0,97.7,4.2,8.2,Medium,60,10,No,No
EMP-1697,39,Male,Technology,QA Automation Engineer,Master,2.1,1.4,96725,38.0,0.0,3,90.5,94.5,4.0,5.6,Low,0,33,No,No
EMP-1698,26,Male,Operations,Operations Associate,Master,5.0,0.3,99344,44.8,4.8,2,91.8,98.8,4.3,7.1,Low,0,21,Yes,No
EMP-1699,21,Male,Finance,Payroll Specialist,Master,0.5,0.3,54125,32.6,0.0,1,86.8,88.7,3.9,8.1,Low,20,28,No,No
EMP-1700,31,Male,Sales,Business Development Associate,Bachelor,1.1,0.8,65866,42.9,2.9,3,95.3,97.7,4.4,6.4,Low,50,29,No,No
EMP-1701,21,Female,Operations,Operations Director,Bachelor,0.5,0.3,68974,42.3,2.3,4,88.2,91.8,4.3,9.1,Low,40,13,No,No
EMP-1702,29,Male,Operations,Operations Associate,Bachelor,2.3,0.3,75677,31.3,0.0,2,89.5,94.4,4.1,6.1,Low,50,16,No,No
EMP-1703,33,Female,Human Resources,HR Business Partner,Bachelor,11.1,4.5,211060,38.0,0.0,3,87.1,88.0,4.6,6.8,Low,40,4,No,No
EMP-1704,29,Male,Human Resources,Technical Recruiter,Bachelor,1.0,0.9,54465,40.3,0.3,5,83.1,96.9,3.8,7.5,Low,60,27,No,No
EMP-1705,37,Male,Technology,Senior Developer,Master,4.1,0.9,121963,45.6,5.6,5,90.4,97.4,4.5,4.9,Low,80,39,No,No
EMP-1706,24,Female,Sales,Business Development Associate,Bachelor,1.2,0.5,58615,48.0,8.0,3,85.1,95.0,4.2,7.7,Low,40,7,No,No
EMP-1707,31,Male,R&D,Research Scientist,Master,4.1,1.3,127052,45.8,5.8,5,83.4,94.2,3.8,8.4,Low,60,42,Yes,No
EMP-1708,51,Male,R&D,Research Scientist,Bachelor,0.9,0.6,92576,38.4,0.0,4,95.9,92.6,4.7,8.1,Low,40,37,No,No
EMP-1709,28,Male,R&D,Innovation Lead,Bachelor,3.8,0.9,173113,52.5,12.5,11,88.8,92.2,4.3,5.5,Medium,20,26,No,No
EMP-1710,21,Male,Sales,Sales Executive,Master,0.5,0.4,57226,38.0,0.0,5,87.1,91.8,4.4,7.3,Low,60,33,No,No
EMP-1711,28,Male,Technology,Software Engineer,Master,0.7,0.2,90668,59.2,19.2,6,90.3,99.4,4.3,6.2,High,40,34,No,No
EMP-1712,29,Male,Operations,Supply Chain Analyst,Bachelor,1.8,1.7,77335,42.4,2.4,3,79.0,91.0,3.7,6.6,Low,50,20,No,No
EMP-1713,42,Male,Finance,Investment Analyst,Master,5.1,3.3,126976,63.6,23.6,11,61.1,96.9,3.3,1.4,Medium,20,23,No,Yes
EMP-1714,32,Male,Technology,Senior Developer,Bachelor,5.4,2.6,151374,48.0,8.0,2,81.8,97.3,4.2,5.3,Medium,40,25,No,Yes
EMP-1715,47,Other,Technology,Tech Lead,Bachelor,1.9,1.2,116176,45.7,5.7,3,95.9,93.1,4.5,5.0,Low,50,41,No,No
EMP-1716,28,Male,Sales,Account Executive,Bachelor,4.4,0.5,113067,36.1,0.0,2,83.2,87.9,4.0,6.9,Low,100,37,No,No
EMP-1717,38,Male,Sales,Regional Sales Manager,Bachelor,7.1,2.9,213526,39.6,0.0,4,81.6,92.1,4.0,10.0,Low,20,46,No,No
EMP-1718,34,Male,Technology,Software Engineer,Bachelor,0.5,0.3,68259,46.0,6.0,4,85.6,96.7,3.9,8.4,Low,60,31,No,No
EMP-1719,34,Male,Operations,Logistics Coordinator,Master,0.5,0.4,47352,53.4,13.4,11,58.3,96.8,3.7,5.4,Medium,50,9,No,No
EMP-1720,21,Female,Finance,Financial Analyst,PhD,0.5,0.3,68239,38.5,0.0,5,90.6,84.8,3.3,8.1,Low,0,4,No,No
EMP-1721,26,Female,R&D,Product Designer,Master,5.0,3.7,153999,41.6,1.6,5,89.0,94.7,3.8,7.6,Low,40,25,No,No
EMP-1722,31,Male,Technology,QA Automation Engineer,Bachelor,6.4,5.7,166295,48.0,8.0,4,85.0,95.1,3.8,6.7,Low,50,22,No,No
EMP-1723,21,Male,Technology,Senior Developer,Bachelor,0.5,0.2,70952,54.7,14.7,9,67.8,93.0,3.5,4.2,Medium,40,14,No,No
EMP-1724,32,Female,R&D,AI/ML Research Engineer,Master,3.4,0.7,117508,46.1,6.1,5,82.3,95.5,3.7,6.9,Low,20,11,No,No
EMP-1725,40,Female,Technology,Tech Lead,Bachelor,7.4,5.5,222311,41.8,1.8,4,80.6,89.7,3.6,5.2,Low,0,16,No,No
EMP-1726,27,Female,Marketing,Digital Marketing Specialist,Bachelor,0.5,0.3,57163,30.8,0.0,2,80.5,92.6,3.7,6.4,Low,40,34,Yes,No
EMP-1727,39,Male,R&D,Product Designer,Master,7.5,5.2,165792,30.7,0.0,2,85.6,92.3,4.6,5.4,Low,60,9,Yes,No
EMP-1728,24,Male,Operations,Supply Chain Analyst,Diploma,3.0,2.2,75703,41.3,1.3,5,100.0,95.7,4.5,5.7,Low,0,24,No,No
EMP-1729,36,Male,Sales,Business Development Associate,Bachelor,10.4,3.8,204061,48.0,8.0,2,99.9,94.8,4.4,7.2,Low,50,44,No,No
EMP-1730,35,Male,Technology,Cloud Architect,Master,4.2,1.1,163634,46.5,6.5,2,75.0,91.5,3.8,7.2,High,60,22,No,No
EMP-1731,25,Male,Operations,Process Improvement Manager,Master,3.4,0.9,120865,46.5,6.5,5,89.2,87.1,4.0,6.8,Low,60,11,No,No
EMP-1732,37,Female,Marketing,Digital Marketing Specialist,Master,10.1,7.7,191449,29.2,0.0,2,100.0,83.5,4.4,7.5,Low,40,26,No,No
EMP-1733,28,Female,Technology,DevOps Engineer,Bachelor,7.0,0.7,160773,45.0,5.0,2,93.0,99.8,4.3,7.6,Low,40,37,No,No
EMP-1734,41,Male,Finance,Payroll Specialist,Bachelor,4.6,0.9,139316,44.1,4.1,4,75.4,90.3,3.6,7.7,Low,40,30,No,No
EMP-1735,53,Male,Operations,Process Improvement Manager,Master,2.6,2.4,115524,38.0,0.0,4,90.4,92.4,3.6,5.6,Low,50,11,Yes,No
EMP-1736,35,Male,Marketing,Digital Marketing Specialist,Bachelor,1.1,1.0,64244,31.7,0.0,1,82.1,93.7,3.5,7.5,Low,60,5,No,No
EMP-1737,41,Male,Sales,Regional Sales Manager,Master,4.3,1.4,142944,39.8,0.0,4,100.0,93.6,4.4,4.8,Low,100,4,No,No
EMP-1738,29,Female,Finance,Chartered Accountant,Master,4.5,0.4,124625,44.9,4.9,2,87.6,97.7,4.2,5.1,Low,40,25,No,No
EMP-1739,25,Female,Technology,Data Scientist,Bachelor,4.0,0.6,102127,42.2,2.2,5,78.0,95.9,4.2,6.9,High,50,20,No,No
EMP-1740,23,Male,Technology,Senior Developer,Master,0.9,0.2,70726,46.2,6.2,4,97.6,93.6,4.2,8.3,Medium,60,23,No,No
EMP-1741,32,Male,Finance,Chartered Accountant,Master,0.6,0.3,63786,62.7,22.7,5,89.2,97.8,3.7,4.6,High,40,45,No,Yes
EMP-1742,33,Male,R&D,AI/ML Research Engineer,Master,8.6,1.6,197828,59.1,19.1,10,86.7,90.8,4.4,1.7,High,20,19,Yes,Yes
EMP-1743,32,Female,Technology,QA Automation Engineer,Bachelor,11.0,1.3,230503,38.0,0.0,3,98.9,98.5,5.0,4.9,Low,40,19,No,No
EMP-1744,25,Male,R&D,AI/ML Research Engineer,Bachelor,4.0,1.4,129958,67.1,27.1,6,71.3,93.0,3.6,3.1,High,20,25,No,No
EMP-1745,36,Female,R&D,Research Scientist,Master,2.5,0.6,105750,60.8,20.8,8,70.9,92.6,3.4,7.2,Medium,60,35,No,No
EMP-1746,32,Female,R&D,AI/ML Research Engineer,Bachelor,10.2,3.8,224726,31.7,0.0,1,80.4,97.5,3.5,7.0,Low,100,5,No,No
EMP-1747,36,Male,Technology,Data Scientist,Bachelor,5.0,2.7,137816,38.0,0.0,4,76.5,92.4,3.8,8.9,Low,50,20,No,No
EMP-1748,27,Male,Technology,DevOps Engineer,Bachelor,6.0,2.1,147311,43.8,3.8,2,98.4,90.1,4.3,9.1,Low,50,31,Yes,No
EMP-1749,45,Female,Technology,Software Engineer,Bachelor,6.9,5.6,155865,47.3,7.3,4,80.9,87.8,3.7,8.5,Medium,80,14,No,Yes
EMP-1750,30,Female,Technology,DevOps Engineer,Master,0.9,0.2,84293,37.4,0.0,2,90.9,94.9,4.6,5.7,Low,40,34,No,No
EMP-1751,29,Male,Sales,Business Development Associate,Bachelor,8.0,1.5,172971,43.2,3.2,5,77.3,92.9,3.9,3.9,Low,100,19,No,Yes
EMP-1752,24,Female,Sales,Regional Sales Manager,Bachelor,3.0,1.2,140525,36.6,0.0,1,66.5,98.0,3.4,7.4,Low,80,20,No,No
EMP-1753,35,Female,Sales,Regional Sales Manager,Bachelor,3.3,0.6,116314,55.1,15.1,8,96.0,99.8,4.2,7.5,High,0,6,No,Yes
EMP-1754,38,Female,Operations,Logistics Coordinator,Bachelor,2.8,1.2,71261,40.8,0.8,5,86.6,88.5,3.9,7.3,Low,20,11,No,No
EMP-1755,29,Male,Finance,Financial Analyst,Master,1.2,1.1,66459,41.9,1.9,3,82.1,90.6,3.9,5.4,Medium,100,32,Yes,No
EMP-1756,34,Male,Operations,Supply Chain Analyst,Bachelor,0.6,0.4,59222,41.7,1.7,5,95.3,90.6,4.3,7.7,Low,20,41,No,No
EMP-1757,40,Male,Operations,Process Improvement Manager,Bachelor,5.5,1.3,163092,38.0,0.0,2,93.0,91.2,4.1,4.1,Low,100,39,No,No
EMP-1758,34,Male,Sales,Sales Executive,Master,4.6,1.4,119060,31.8,0.0,2,78.7,94.6,3.9,6.1,Low,60,27,No,No
EMP-1759,25,Male,Sales,Sales Executive,Bachelor,0.5,0.2,54458,42.6,2.6,3,94.8,79.2,4.1,8.5,Low,60,37,No,No
EMP-1760,38,Female,Finance,Chartered Accountant,Bachelor,17.0,11.3,291182,38.0,0.0,3,88.1,98.8,4.1,8.6,Low,50,14,No,No
EMP-1761,38,Female,Finance,Financial Analyst,Bachelor,8.4,5.6,174652,40.3,0.3,3,100.0,78.7,4.3,7.3,Low,60,8,No,No
EMP-1762,35,Female,Sales,Enterprise Sales Lead,Bachelor,14.0,6.5,352989,45.7,5.7,5,97.3,95.8,4.6,7.6,Low,0,31,Yes,No
EMP-1763,30,Female,Sales,Business Development Associate,Bachelor,1.4,0.4,75232,41.2,1.2,4,87.5,85.6,3.7,9.0,Medium,80,30,No,No
EMP-1764,37,Female,Sales,Enterprise Sales Lead,Bachelor,3.9,0.4,142184,47.8,7.8,5,91.8,97.9,3.7,7.1,Low,20,37,No,No
EMP-1765,36,Male,Customer Support,Customer Success Manager,Bachelor,2.1,0.9,90948,32.7,0.0,2,68.0,93.6,3.1,8.7,Low,80,47,Yes,No
EMP-1766,33,Male,Technology,Tech Lead,Bachelor,1.0,0.2,108265,46.0,6.0,5,79.1,87.9,3.5,10.0,Medium,50,24,No,No
EMP-1767,36,Male,Sales,Sales Executive,Bachelor,0.5,0.4,53367,44.6,4.6,3,91.3,94.3,4.0,6.8,Low,0,20,No,No
EMP-1768,35,Male,R&D,Research Scientist,Master,6.1,0.4,162627,43.7,3.7,4,89.7,95.9,4.1,6.1,Medium,40,46,No,No
EMP-1769,29,Male,R&D,Product Designer,Master,1.8,0.9,89725,39.1,0.0,2,87.1,89.2,4.0,9.6,Low,40,39,No,No
EMP-1770,33,Male,Marketing,Digital Marketing Specialist,Bachelor,1.6,0.9,75648,45.4,5.4,2,76.1,92.5,3.7,8.3,Medium,60,28,No,No
EMP-1771,38,Male,Human Resources,Technical Recruiter,PhD,10.9,3.3,201717,38.0,0.0,3,85.8,94.1,4.4,8.5,Low,0,16,Yes,No
EMP-1772,32,Female,Operations,Process Improvement Manager,Master,1.0,0.8,70822,48.0,8.0,4,82.4,90.3,3.6,5.9,Low,60,4,No,No
EMP-1773,29,Male,Sales,Account Executive,Master,0.5,0.3,47051,65.5,25.5,10,79.0,92.2,3.8,4.0,Medium,100,15,No,No
EMP-1774,31,Female,Technology,Cloud Architect,Master,4.8,2.3,173299,38.7,0.0,5,71.6,91.6,3.7,8.0,Medium,100,35,No,No
EMP-1775,37,Male,Technology,Cloud Architect,Bachelor,1.0,0.4,103141,38.8,0.0,2,100.0,85.6,4.2,6.1,Medium,40,14,No,No
EMP-1776,31,Female,Operations,Process Improvement Manager,Master,10.0,4.5,262336,43.9,3.9,4,86.6,94.8,4.5,7.2,Low,40,37,No,No
EMP-1777,28,Female,Finance,Financial Analyst,Bachelor,5.1,4.1,124137,47.2,7.2,3,86.0,98.6,4.1,7.2,Low,50,55,Yes,No
EMP-1778,30,Male,Technology,Data Scientist,Bachelor,5.7,1.1,144978,38.0,0.0,2,87.7,94.3,4.3,6.3,Low,0,27,No,No
EMP-1779,34,Male,Sales,Enterprise Sales Lead,Master,2.4,2.0,118176,39.8,0.0,3,87.7,97.0,4.3,6.7,Low,40,31,No,No
EMP-1780,36,Female,Technology,Data Scientist,PhD,7.6,1.9,172028,35.9,0.0,2,76.2,96.0,3.3,7.0,Low,50,20,Yes,No
EMP-1781,27,Female,Finance,Risk Manager,Bachelor,0.5,0.3,70502,43.8,3.8,3,94.2,96.2,3.7,7.9,Low,80,16,No,No
EMP-1782,30,Male,R&D,Innovation Lead,Master,8.9,6.5,288727,47.1,7.1,2,91.7,88.6,4.5,4.2,Low,20,27,Yes,Yes
EMP-1783,28,Female,Sales,Account Executive,Master,7.0,6.8,147564,45.4,5.4,4,73.4,95.1,4.0,4.7,Low,60,19,Yes,No
EMP-1784,21,Male,Technology,Cloud Architect,Bachelor,0.5,0.5,103607,39.2,0.0,3,78.9,91.7,3.8,6.5,Low,20,49,No,No
EMP-1785,37,Female,Human Resources,HR Executive,Master,7.6,1.3,149917,43.3,3.3,3,94.9,88.6,3.9,6.7,Low,20,20,No,No
EMP-1786,34,Male,Customer Support,Customer Success Manager,Bachelor,4.8,3.0,150410,45.5,5.5,4,81.7,84.8,3.8,7.4,Low,20,18,No,No
EMP-1787,23,Female,Operations,Logistics Coordinator,Diploma,1.1,0.7,44121,39.4,0.0,4,76.5,98.8,3.8,7.8,Low,50,39,No,No
EMP-1788,40,Male,Technology,Tech Lead,Bachelor,3.7,3.2,137614,43.9,3.9,4,93.3,91.3,4.0,8.4,Low,40,4,No,No
EMP-1789,25,Male,Customer Support,Support Team Lead,Master,1.5,1.3,97417,46.9,6.9,2,79.2,99.8,3.7,6.4,Low,50,21,No,No
EMP-1790,31,Female,R&D,AI/ML Research Engineer,Master,8.3,4.3,205723,42.8,2.8,4,90.0,88.6,4.1,5.7,Low,60,21,No,No
EMP-1791,45,Male,Technology,Cloud Architect,PhD,1.2,1.2,120428,46.6,6.6,5,96.3,91.5,5.0,4.3,Low,60,26,No,No
EMP-1792,23,Female,Sales,Account Executive,Bachelor,2.0,0.3,78281,28.7,0.0,1,71.8,95.8,3.4,9.8,Low,0,11,No,No
EMP-1793,30,Male,Marketing,SEO Specialist,Bachelor,1.7,0.3,67691,35.2,0.0,1,100.0,89.4,4.6,7.0,Low,60,18,No,No
EMP-1794,40,Other,Human Resources,Talent Development Lead,Master,7.7,0.7,219111,45.2,5.2,4,94.1,81.8,4.2,6.6,Low,40,10,No,No
EMP-1795,33,Female,Customer Support,Support Team Lead,Master,1.1,0.5,68149,51.8,11.8,5,49.6,93.4,3.1,4.6,High,60,16,No,No
EMP-1796,29,Female,Sales,Sales Executive,Bachelor,4.0,1.4,106142,43.0,3.0,5,92.3,93.1,4.5,5.1,Medium,50,7,No,No
EMP-1797,29,Female,Technology,Data Scientist,Diploma,2.5,2.0,100862,38.0,0.0,5,92.9,84.7,4.4,5.2,Low,60,14,No,No
EMP-1798,41,Male,Finance,Financial Analyst,Master,14.8,13.8,253058,66.5,26.5,10,91.9,98.0,4.3,4.8,High,80,28,Yes,No
EMP-1799,34,Male,Human Resources,Talent Development Lead,Bachelor,0.6,0.6,58595,45.4,5.4,3,99.9,99.8,4.2,7.3,Medium,50,37,No,No
EMP-1800,30,Female,Operations,Supply Chain Analyst,Master,8.6,6.2,171587,38.0,0.0,5,90.3,94.4,4.6,6.7,Low,100,45,No,No
EMP-1801,29,Male,Marketing,SEO Specialist,Master,4.1,1.7,105277,35.9,0.0,2,84.1,94.6,4.2,7.6,Low,0,49,No,No
EMP-1802,36,Female,Operations,Operations Associate,Master,0.5,0.4,51372,50.5,10.5,6,70.6,87.7,3.4,4.4,High,60,10,No,Yes
EMP-1803,26,Male,Finance,Investment Analyst,Master,3.8,2.3,121508,40.7,0.7,4,89.3,92.6,4.0,5.7,Low,0,4,No,Yes
EMP-1804,26,Male,Finance,Financial Analyst,Bachelor,5.0,4.2,124881,39.8,0.0,2,87.6,77.6,3.4,7.7,High,60,48,No,No
EMP-1805,37,Female,Sales,Sales Executive,Bachelor,3.4,0.3,98954,38.0,0.0,4,81.1,97.5,3.6,6.2,Low,0,28,No,No
EMP-1806,22,Male,Sales,Account Executive,Master,0.6,0.5,60690,41.6,1.6,4,91.1,97.7,4.5,10.0,Low,0,45,No,No
EMP-1807,43,Female,Human Resources,Compensation & Benefits Specialist,Bachelor,1.6,0.7,68964,43.4,3.4,2,78.4,90.1,3.6,5.4,Medium,60,27,No,No
EMP-1808,29,Male,Marketing,Digital Marketing Specialist,Bachelor,8.0,2.9,166011,38.2,0.0,3,81.3,84.1,3.8,7.5,Medium,40,8,No,No
EMP-1809,24,Female,R&D,Research Scientist,Bachelor,0.8,0.4,92467,42.7,2.7,5,82.5,99.8,3.9,10.0,Low,50,17,No,No
EMP-1810,44,Female,Sales,Business Development Associate,Bachelor,0.5,0.5,50104,46.0,6.0,2,99.4,98.6,4.2,4.2,Low,60,37,No,No
EMP-1811,35,Male,Technology,Data Scientist,PhD,1.2,1.1,78942,41.4,1.4,5,80.3,83.9,4.2,8.8,Low,0,14,No,No
EMP-1812,25,Male,Technology,QA Automation Engineer,Master,1.2,1.2,81336,60.1,20.1,7,53.8,90.6,2.7,3.9,High,40,35,No,Yes
EMP-1813,45,Male,Technology,QA Automation Engineer,Master,1.7,1.0,84610,45.8,5.8,4,82.7,87.6,3.4,5.9,Low,20,32,Yes,No
EMP-1814,36,Male,Sales,Sales Executive,Master,0.5,0.5,64145,41.8,1.8,5,88.9,97.1,4.1,4.4,Low,80,5,No,Yes
EMP-1815,36,Male,Sales,Sales Executive,Bachelor,1.9,0.5,78098,28.8,0.0,1,99.6,88.1,4.8,6.0,Low,50,19,No,No
EMP-1816,31,Male,Operations,Operations Associate,Bachelor,2.2,2.0,68636,60.7,20.7,8,59.8,93.3,3.0,6.2,High,80,27,No,Yes
EMP-1817,25,Female,Technology,DevOps Engineer,PhD,4.0,0.7,110587,66.8,26.8,9,76.6,90.1,3.3,5.5,Medium,80,30,Yes,No
EMP-1818,29,Male,Human Resources,HR Executive,Bachelor,2.0,1.4,73869,64.6,24.6,9,82.7,97.1,4.1,2.9,High,80,23,No,Yes
EMP-1819,26,Male,Human Resources,Talent Development Lead,Bachelor,3.1,1.0,104645,41.8,1.8,2,90.7,91.7,4.0,6.0,Low,0,15,No,No
EMP-1820,30,Male,Technology,DevOps Engineer,PhD,0.6,0.3,71403,51.8,11.8,5,96.0,86.4,4.2,4.7,Medium,50,21,No,No
EMP-1821,41,Male,Technology,Cloud Architect,Bachelor,0.5,0.3,95474,39.5,0.0,4,89.2,96.6,4.4,9.5,Low,60,29,No,No
EMP-1822,38,Male,Operations,Operations Associate,Bachelor,14.7,8.6,259049,38.6,0.0,2,84.0,91.7,3.8,7.8,Low,40,45,No,No
EMP-1823,37,Male,Technology,Senior Developer,Master,16.0,7.1,304886,45.9,5.9,3,85.5,93.6,3.9,7.5,High,80,25,No,Yes
EMP-1824,37,Female,Marketing,Brand Manager,Master,3.0,1.4,115240,42.1,2.1,5,89.9,90.1,4.4,7.2,Medium,60,43,No,No
EMP-1825,27,Male,Technology,Data Scientist,Bachelor,6.0,2.1,166744,41.2,1.2,4,91.9,98.7,4.1,6.5,Medium,100,36,No,No
EMP-1826,29,Female,Sales,Enterprise Sales Lead,Bachelor,0.5,0.2,66486,56.2,16.2,8,96.0,91.8,4.7,4.6,High,40,21,No,No
EMP-1827,35,Female,Technology,Tech Lead,Bachelor,5.2,4.3,163883,39.1,0.0,4,90.9,94.5,4.1,8.1,Low,80,28,No,No
EMP-1828,36,Male,Operations,Operations Director,Master,2.1,0.5,120280,57.5,17.5,9,70.6,99.8,3.5,2.0,High,0,36,No,No
EMP-1829,27,Female,Marketing,SEO Specialist,Bachelor,6.0,5.8,144704,50.3,10.3,11,70.8,94.8,4.0,1.0,Medium,40,10,No,Yes
EMP-1830,34,Other,Technology,Software Engineer,Bachelor,4.6,2.1,150544,57.8,17.8,6,63.2,98.8,3.5,2.9,High,60,17,No,Yes
EMP-1831,44,Male,Customer Support,Customer Support Specialist,Bachelor,9.4,3.5,167454,58.9,18.9,8,96.0,96.1,4.6,2.1,Medium,0,5,Yes,No
EMP-1832,30,Male,Finance,Payroll Specialist,Bachelor,6.3,2.4,143209,55.6,15.6,9,56.1,88.3,2.9,4.9,High,60,13,No,Yes
EMP-1833,28,Male,Human Resources,HR Executive,Master,7.0,5.7,140423,52.8,12.8,7,76.8,90.4,4.0,6.4,Medium,0,22,Yes,No
EMP-1834,31,Male,Operations,Operations Director,Bachelor,3.5,1.0,126183,37.0,0.0,2,86.9,99.8,3.7,6.2,Low,60,37,No,No
EMP-1835,39,Female,Technology,Cloud Architect,Bachelor,3.9,0.4,176374,41.1,1.1,3,92.9,98.8,4.2,6.8,Low,60,29,No,No
EMP-1836,27,Male,Technology,Tech Lead,Bachelor,4.2,3.8,187301,42.9,2.9,4,85.2,90.5,3.7,4.7,Medium,60,15,No,No
EMP-1837,36,Male,Human Resources,Talent Development Lead,Bachelor,5.9,2.3,192807,43.8,3.8,4,91.7,99.8,4.5,5.8,Low,50,31,No,No
EMP-1838,36,Female,Operations,Operations Associate,Master,3.2,1.0,87103,40.7,0.7,5,77.2,85.9,4.0,6.9,Low,0,12,No,No
EMP-1839,28,Male,Finance,Financial Analyst,Master,5.6,0.9,124814,41.5,1.5,2,97.2,82.0,4.3,8.7,Low,60,20,No,No
EMP-1840,32,Male,Technology,QA Automation Engineer,Master,0.5,0.2,65747,38.3,0.0,5,97.4,88.7,4.3,7.4,High,0,38,No,No
EMP-1841,21,Male,Customer Support,Support Team Lead,Master,0.5,0.2,52180,40.4,0.4,2,93.4,99.8,3.8,9.4,Low,40,12,No,No
EMP-1842,29,Male,Technology,Software Engineer,Bachelor,2.5,0.4,110349,42.0,2.0,2,90.0,86.3,3.9,5.8,Low,50,26,No,No
EMP-1843,24,Female,R&D,Innovation Lead,Master,3.0,1.1,163921,44.1,4.1,4,82.7,91.5,3.6,8.7,Low,20,38,No,No
EMP-1844,32,Female,R&D,Product Designer,Bachelor,5.4,2.6,164283,41.4,1.4,5,100.0,97.7,4.2,3.7,Low,50,50,No,No
EMP-1845,32,Female,Customer Support,Technical Support Engineer,Diploma,3.0,0.8,82810,45.3,5.3,2,100.0,98.4,3.8,9.6,Low,50,18,No,No
EMP-1846,39,Female,Technology,Software Engineer,Master,3.4,2.1,116973,44.0,4.0,2,88.3,91.7,3.6,10.0,Low,40,25,No,No
EMP-1847,43,Female,Finance,Chartered Accountant,Diploma,3.8,2.4,122447,38.1,0.0,5,83.9,90.8,4.0,6.5,Low,40,25,Yes,No
EMP-1848,37,Female,Technology,DevOps Engineer,Master,0.7,0.4,81358,45.5,5.5,2,94.1,99.8,4.3,7.4,Low,60,35,No,No
EMP-1849,40,Female,Operations,Logistics Coordinator,Bachelor,7.0,4.7,137895,53.5,13.5,9,77.9,92.3,3.4,5.3,High,40,35,No,Yes
EMP-1850,41,Male,Operations,Operations Director,Master,6.1,1.8,195444,40.8,0.8,4,90.6,86.4,3.7,7.3,Low,50,48,No,No
EMP-1851,34,Female,Technology,Cloud Architect,Bachelor,7.4,5.3,234897,41.2,1.2,3,82.6,92.9,3.8,10.0,Low,60,16,No,Yes
EMP-1852,25,Male,Finance,Chartered Accountant,Bachelor,4.0,3.2,125423,44.3,4.3,4,96.2,93.5,4.1,7.8,Low,0,24,No,No
EMP-1853,38,Female,Human Resources,HR Business Partner,Bachelor,7.9,1.1,149990,44.2,4.2,2,80.3,93.9,3.6,7.9,Medium,50,29,No,No
EMP-1854,34,Male,Operations,Logistics Coordinator,Bachelor,0.5,0.4,53428,48.0,8.0,5,85.5,90.4,4.2,6.0,Low,100,17,No,No
EMP-1855,29,Male,Operations,Process Improvement Manager,Bachelor,2.3,1.8,97973,44.3,4.3,3,86.7,85.5,4.1,9.2,Low,50,26,No,No
EMP-1856,42,Female,Technology,Cloud Architect,PhD,7.5,2.5,232575,48.0,8.0,4,87.1,89.8,3.7,6.1,Medium,60,19,No,No
EMP-1857,41,Female,Technology,Data Scientist,Bachelor,2.1,0.7,99823,40.3,0.3,3,90.1,99.8,4.5,5.3,Medium,20,13,No,No
EMP-1858,33,Male,Marketing,SEO Specialist,Master,5.8,1.0,128827,48.0,8.0,4,79.6,93.2,3.5,4.8,Low,0,22,No,No
EMP-1859,21,Female,Technology,Data Scientist,Bachelor,0.5,0.5,59499,35.7,0.0,2,79.0,84.3,3.1,9.8,Low,20,26,No,No
EMP-1860,31,Female,Sales,Business Development Associate,Master,5.3,3.8,132920,43.6,3.6,2,76.8,90.6,3.5,8.7,Low,60,28,No,Yes
EMP-1861,41,Female,Technology,Data Scientist,Bachelor,5.0,4.0,133666,42.7,2.7,2,91.2,90.9,4.1,5.8,Low,40,17,No,No
EMP-1862,33,Male,Technology,Senior Developer,Bachelor,0.5,0.3,61264,46.8,6.8,3,84.4,89.6,3.8,6.3,Low,80,55,No,No
EMP-1863,34,Male,Sales,Business Development Associate,Bachelor,2.4,1.3,84515,57.3,17.3,11,66.0,96.2,4.0,5.7,Medium,20,13,No,No
EMP-1864,31,Male,Sales,Regional Sales Manager,Diploma,3.4,0.4,147911,30.4,0.0,1,88.2,94.1,4.0,9.6,Low,50,24,No,No
EMP-1865,30,Female,Operations,Supply Chain Analyst,Master,9.0,1.2,178577,61.2,21.2,7,80.9,91.6,3.5,4.2,High,100,34,No,No
EMP-1866,34,Female,Finance,Investment Analyst,Bachelor,2.9,0.7,93109,53.0,13.0,9,75.6,87.2,3.3,3.9,High,40,23,No,Yes
EMP-1867,37,Male,Sales,Account Executive,Master,5.8,5.0,132501,56.4,16.4,6,84.8,94.8,4.1,2.2,Medium,80,37,No,No
EMP-1868,29,Male,Operations,Operations Director,Master,6.3,1.0,195766,63.4,23.4,5,71.2,90.7,3.1,3.0,Medium,0,32,No,No
EMP-1869,32,Male,Technology,DevOps Engineer,Bachelor,6.0,5.7,164093,41.3,1.3,5,100.0,88.0,4.2,7.7,Medium,50,10,Yes,No
EMP-1870,32,Male,Sales,Enterprise Sales Lead,Diploma,11.0,5.4,285060,45.2,5.2,5,100.0,86.9,4.7,7.2,Low,60,16,No,No
EMP-1871,33,Male,Finance,Chartered Accountant,Bachelor,10.5,5.4,204786,45.1,5.1,2,88.6,89.7,3.9,9.7,Medium,0,22,No,No
EMP-1872,32,Female,Finance,Payroll Specialist,Bachelor,2.9,2.3,105741,42.0,2.0,3,85.9,91.7,4.7,6.6,High,40,4,No,No
EMP-1873,36,Male,Technology,Cloud Architect,Bachelor,0.5,0.4,102915,46.2,6.2,2,92.5,86.7,3.8,6.8,High,60,41,No,No
EMP-1874,22,Female,Technology,Senior Developer,Master,1.0,0.8,84009,52.6,12.6,6,96.0,96.5,4.0,7.5,High,60,38,No,No
EMP-1875,29,Male,Marketing,Growth Marketing Manager,Bachelor,3.3,1.9,124459,64.2,24.2,7,66.2,94.8,3.7,5.5,High,40,35,No,No
EMP-1876,38,Female,Sales,Regional Sales Manager,Bachelor,2.8,1.8,130696,62.1,22.1,5,49.9,93.1,2.7,5.8,High,50,12,No,Yes
EMP-1877,36,Female,Finance,Payroll Specialist,Bachelor,4.1,0.4,122525,43.9,3.9,4,77.7,92.9,3.6,5.8,Low,60,34,No,No
EMP-1878,27,Female,Customer Support,Technical Support Engineer,Bachelor,1.2,1.2,57712,45.1,5.1,5,85.4,99.8,3.7,7.5,Low,100,24,No,No
EMP-1879,33,Male,Technology,Senior Developer,Master,2.2,1.5,112748,29.3,0.0,1,73.8,91.5,3.5,7.1,Low,100,33,No,No
EMP-1880,40,Male,Customer Support,Customer Success Manager,Master,3.0,1.4,84738,38.0,0.0,5,90.0,97.4,4.4,7.0,Low,60,29,No,No
EMP-1881,29,Male,Customer Support,Technical Support Engineer,Bachelor,7.1,0.8,145221,43.9,3.9,3,79.3,88.6,3.6,8.2,Low,80,38,No,No
EMP-1882,34,Female,Finance,Chartered Accountant,Bachelor,9.6,1.9,189364,34.1,0.0,1,83.3,91.3,3.8,7.9,Low,0,19,No,No
EMP-1883,29,Male,R&D,Product Designer,Bachelor,3.1,1.9,125680,55.6,15.6,10,81.8,84.1,3.8,4.0,Medium,20,33,No,Yes
EMP-1884,33,Female,Operations,Supply Chain Analyst,Master,12.0,4.0,219410,45.1,5.1,5,90.8,92.4,4.1,7.8,Low,50,24,No,No
EMP-1885,21,Female,Operations,Operations Director,Bachelor,0.5,0.5,77442,43.0,3.0,2,77.2,95.2,3.9,5.2,Medium,50,10,No,No
EMP-1886,42,Female,Operations,Operations Director,Master,1.7,0.4,90661,38.0,0.0,2,79.5,94.6,3.7,10.0,Low,80,30,No,No
EMP-1887,35,Male,Sales,Sales Executive,Bachelor,3.2,1.6,94099,62.5,22.5,9,74.1,95.4,3.3,6.9,High,20,42,No,No
EMP-1888,41,Male,R&D,Innovation Lead,Bachelor,2.7,1.6,135608,28.2,0.0,2,81.3,98.8,3.6,7.7,Low,60,38,No,No
EMP-1889,32,Male,Finance,Investment Analyst,Bachelor,11.0,1.7,207876,51.9,11.9,11,64.2,96.3,3.8,2.2,High,100,37,No,Yes
EMP-1890,21,Male,Technology,QA Automation Engineer,PhD,0.5,0.4,72771,44.1,4.1,3,76.6,99.8,3.9,6.5,Low,80,21,No,No
EMP-1891,21,Female,Operations,Supply Chain Analyst,Diploma,0.5,0.4,51940,45.3,5.3,3,78.6,95.8,3.8,7.4,Low,50,17,No,No
EMP-1892,37,Male,Customer Support,Support Team Lead,Bachelor,3.9,2.0,120033,39.0,0.0,4,82.3,92.1,3.7,7.2,Low,50,17,No,No
EMP-1893,31,Male,Operations,Logistics Coordinator,Master,0.5,0.4,55002,40.4,0.4,3,100.0,92.3,4.6,5.4,Low,40,13,No,No
EMP-1894,34,Male,Technology,Senior Developer,Bachelor,1.2,0.9,80224,39.2,0.0,4,84.8,90.4,3.9,8.2,Low,50,23,No,No
EMP-1895,32,Female,Technology,Cloud Architect,Bachelor,6.1,6.0,228544,41.4,1.4,2,97.4,89.4,4.4,6.1,Low,40,10,No,No
EMP-1896,25,Male,Operations,Process Improvement Manager,Bachelor,4.0,2.3,157169,42.5,2.5,5,76.2,94.6,3.6,6.9,Low,20,11,No,No
EMP-1897,30,Female,Sales,Regional Sales Manager,Master,3.1,2.2,136931,38.0,0.0,4,85.8,98.0,4.5,5.8,Medium,50,39,Yes,No
EMP-1898,26,Male,Marketing,Growth Marketing Manager,Bachelor,2.2,0.2,111693,54.9,14.9,8,54.0,91.6,2.7,5.4,High,50,37,No,Yes
EMP-1899,29,Female,Technology,Tech Lead,PhD,2.6,2.6,139526,33.5,0.0,2,93.7,85.4,4.1,7.2,Low,40,28,No,No
EMP-1900,31,Male,Sales,Business Development Associate,Bachelor,0.6,0.2,58631,43.2,3.2,2,94.8,91.6,4.3,4.7,Low,20,23,No,No
EMP-1901,34,Male,Marketing,Digital Marketing Specialist,Bachelor,3.0,1.6,80309,41.2,1.2,5,94.3,92.2,4.4,5.2,Low,60,27,No,No
EMP-1902,33,Male,Customer Support,Customer Support Specialist,Bachelor,3.7,1.3,82405,38.0,0.0,2,78.5,87.0,3.3,5.6,Medium,0,4,No,No
EMP-1903,29,Male,R&D,Innovation Lead,Master,1.5,1.0,130264,38.9,0.0,3,86.8,91.1,3.5,10.0,Low,0,45,No,No
EMP-1904,47,Male,Technology,Senior Developer,Master,7.5,2.4,178501,42.7,2.7,3,91.4,99.0,4.2,9.4,Low,50,21,Yes,No
EMP-1905,26,Male,R&D,Product Designer,Master,1.6,0.7,97986,32.5,0.0,1,92.5,87.1,4.3,4.0,Low,40,26,No,No
EMP-1906,35,Male,Sales,Regional Sales Manager,Bachelor,3.9,1.6,144108,43.2,3.2,5,75.5,92.1,3.8,7.6,Low,60,16,Yes,No
EMP-1907,32,Male,Technology,Software Engineer,Master,11.0,7.9,226122,67.9,27.9,9,64.8,93.3,2.9,4.4,High,80,4,No,Yes
EMP-1908,36,Female,Technology,Senior Developer,Master,0.6,0.3,73544,45.1,5.1,3,95.5,94.0,4.1,6.1,Medium,0,27,No,No
EMP-1909,34,Male,Human Resources,Compensation & Benefits Specialist,Bachelor,7.4,6.0,170761,38.5,0.0,5,78.9,93.2,3.5,6.1,Medium,0,40,No,No
EMP-1910,34,Male,Technology,Data Scientist,Bachelor,0.5,0.5,63857,41.6,1.6,2,93.8,87.6,4.4,8.3,High,60,13,No,No
EMP-1911,24,Female,Marketing,Content Strategist,Bachelor,2.6,1.9,80983,41.8,1.8,4,78.7,94.1,3.7,5.3,Low,50,35,No,No
EMP-1912,33,Male,Operations,Logistics Coordinator,Bachelor,5.4,3.8,117502,46.6,6.6,4,85.3,91.5,4.0,7.1,Low,60,9,No,No
EMP-1913,21,Female,Operations,Logistics Coordinator,Master,0.5,0.3,42604,28.1,0.0,1,81.1,86.8,3.7,7.5,Low,60,17,No,No
EMP-1914,25,Female,Operations,Operations Associate,Bachelor,4.0,1.1,91898,52.8,12.8,11,53.9,94.2,2.7,7.1,High,40,10,No,No
EMP-1915,29,Male,Finance,Payroll Specialist,Master,3.9,1.3,110283,35.2,0.0,2,87.2,95.9,3.8,5.5,Low,60,20,No,No
EMP-1916,31,Male,Technology,Software Engineer,Master,7.4,5.9,177900,43.6,3.6,5,100.0,96.8,4.7,5.9,Low,100,4,No,No
EMP-1917,28,Male,Human Resources,HR Business Partner,Bachelor,6.5,5.2,129753,42.4,2.4,4,73.9,88.6,3.9,8.0,High,50,13,No,No
EMP-1918,22,Male,Customer Support,Support Team Lead,Bachelor,1.0,0.5,72708,66.2,26.2,7,96.0,91.1,4.5,4.4,High,60,28,No,No
EMP-1919,44,Female,Customer Support,Customer Success Manager,Bachelor,4.9,1.8,143101,31.4,0.0,2,81.3,98.3,3.3,8.8,Low,50,30,No,No
EMP-1920,32,Male,Technology,QA Automation Engineer,Bachelor,0.5,0.3,76228,40.1,0.1,2,94.0,93.9,4.0,7.5,Medium,20,8,No,No
EMP-1921,36,Male,Marketing,Brand Manager,Bachelor,5.2,1.4,175437,38.0,0.0,4,67.3,88.9,2.7,7.8,Low,20,40,No,No
EMP-1922,35,Male,Technology,Data Scientist,Master,0.5,0.3,76961,43.5,3.5,3,71.1,95.4,3.8,7.4,Low,50,23,No,No
EMP-1923,29,Male,Marketing,Content Strategist,Diploma,8.0,4.3,170970,42.8,2.8,2,95.3,90.0,4.0,7.9,Low,0,15,No,No
EMP-1924,24,Female,Operations,Supply Chain Analyst,Bachelor,0.5,0.5,61801,64.7,24.7,5,62.0,97.3,3.5,2.2,High,40,31,Yes,Yes
EMP-1925,25,Female,R&D,Research Scientist,Bachelor,4.0,1.7,127346,54.6,14.6,9,65.7,89.7,3.6,5.4,High,80,15,No,Yes
EMP-1926,21,Male,Customer Support,Customer Support Specialist,Bachelor,0.5,0.4,43822,45.1,5.1,3,69.5,98.6,3.5,6.1,Low,50,12,No,No
EMP-1927,26,Male,Technology,Tech Lead,Bachelor,5.0,3.9,194520,50.9,10.9,8,83.2,94.3,4.2,5.7,High,40,24,Yes,No
EMP-1928,32,Male,Sales,Business Development Associate,Diploma,9.3,8.4,181578,42.4,2.4,2,77.3,88.9,3.9,7.2,Medium,0,35,No,No
EMP-1929,26,Female,Sales,Account Executive,Bachelor,5.0,3.1,115188,47.1,7.1,2,83.1,98.6,3.6,7.9,Low,100,27,No,Yes
EMP-1930,21,Male,Operations,Supply Chain Analyst,Bachelor,0.5,0.4,51128,47.4,7.4,3,84.8,86.3,3.8,6.7,Low,40,26,No,No
EMP-1931,21,Female,Operations,Logistics Coordinator,Bachelor,0.5,0.5,36175,38.0,0.0,5,90.5,87.7,3.9,7.8,Low,50,34,No,No
EMP-1932,36,Female,Technology,Tech Lead,Bachelor,7.8,1.8,233042,43.5,3.5,3,81.1,99.8,4.2,4.9,Low,60,13,No,No
EMP-1933,21,Male,Technology,Tech Lead,Bachelor,0.5,0.5,85970,63.6,23.6,7,96.0,92.0,4.5,6.4,Medium,50,28,No,No
EMP-1934,39,Female,Marketing,Content Strategist,Bachelor,2.1,0.6,83486,54.0,14.0,10,85.5,92.9,4.4,5.3,Medium,60,37,No,Yes
EMP-1935,24,Male,Sales,Account Executive,Bachelor,0.5,0.5,57766,53.9,13.9,6,73.3,90.7,3.5,2.2,High,0,40,No,Yes
EMP-1936,30,Male,Technology,Senior Developer,Master,3.3,0.6,102786,51.1,11.1,10,95.9,94.8,4.3,3.1,High,0,29,No,Yes
EMP-1937,30,Male,Sales,Business Development Associate,Bachelor,9.0,2.4,175095,58.9,18.9,9,96.0,82.7,4.1,1.6,High,60,28,No,Yes
EMP-1938,28,Male,Customer Support,Customer Support Specialist,Bachelor,0.7,0.3,55268,51.0,11.0,7,84.3,99.0,4.0,2.5,Medium,60,19,No,Yes
EMP-1939,43,Female,R&D,Innovation Lead,PhD,1.6,0.5,118411,62.8,22.8,5,76.8,99.8,4.0,6.8,High,40,7,No,Yes
EMP-1940,25,Male,Technology,DevOps Engineer,Master,0.5,0.3,59926,34.6,0.0,1,80.5,85.6,3.6,4.4,Low,40,33,No,No
EMP-1941,34,Female,Sales,Account Executive,Bachelor,6.3,5.8,137645,42.3,2.3,2,79.3,99.2,3.9,7.0,High,60,20,No,No
EMP-1942,35,Female,R&D,AI/ML Research Engineer,Bachelor,1.6,1.0,82348,30.6,0.0,2,97.8,97.0,4.5,6.4,Low,60,20,No,No
EMP-1943,25,Female,Marketing,Brand Manager,Bachelor,4.0,0.6,157854,49.8,9.8,11,86.9,99.8,3.7,3.4,Medium,20,41,No,No
EMP-1944,30,Female,Technology,Cloud Architect,Bachelor,1.1,0.7,107280,48.0,8.0,3,99.1,84.9,4.5,7.3,Low,20,18,No,No
EMP-1945,45,Female,Sales,Sales Executive,Diploma,5.9,3.5,132874,40.6,0.6,2,78.9,98.8,4.1,5.5,High,100,9,No,No
EMP-1946,25,Male,Finance,Chartered Accountant,Master,4.0,0.9,118106,57.1,17.1,9,51.6,92.8,2.8,3.4,High,0,39,No,No
EMP-1947,29,Female,Finance,Risk Manager,Bachelor,5.1,2.4,203065,63.6,23.6,11,42.0,84.8,2.7,7.3,High,50,4,Yes,Yes
EMP-1948,38,Female,Technology,Tech Lead,Master,12.7,7.2,349515,36.0,0.0,1,91.9,97.7,4.0,7.8,Low,50,27,No,No
EMP-1949,24,Male,Human Resources,Talent Development Lead,Bachelor,2.6,0.5,96087,48.0,8.0,3,88.7,99.8,4.0,5.6,Medium,100,30,No,No
EMP-1950,27,Female,Sales,Business Development Associate,Bachelor,6.0,1.7,139424,61.9,21.9,10,94.2,86.7,4.3,2.1,High,80,53,Yes,Yes
EMP-1951,21,Male,Sales,Enterprise Sales Lead,Master,0.5,0.3,75060,56.1,16.1,10,82.2,96.9,4.3,4.9,Medium,40,32,No,No
EMP-1952,28,Female,Marketing,Growth Marketing Manager,Diploma,7.0,3.8,197452,38.0,0.0,3,90.2,94.0,4.3,10.0,Low,60,12,No,No
EMP-1953,43,Male,Customer Support,Support Team Lead,Bachelor,11.8,8.2,274055,38.0,0.0,3,78.9,96.4,3.6,6.8,Medium,60,15,No,Yes
EMP-1954,25,Female,R&D,Research Scientist,Bachelor,4.0,1.2,137618,38.0,0.0,5,85.6,91.5,4.2,7.5,Low,20,19,No,No
EMP-1955,31,Female,R&D,Innovation Lead,Bachelor,4.4,3.2,189660,34.7,0.0,1,73.8,92.9,3.0,9.2,Low,50,29,No,No
EMP-1956,35,Male,Technology,Tech Lead,Master,2.9,0.3,142183,54.4,14.4,9,82.8,93.4,4.0,4.7,High,80,25,No,No
EMP-1957,32,Other,Finance,Chartered Accountant,Bachelor,1.3,0.5,80840,47.1,7.1,2,78.1,90.5,3.6,6.4,Low,100,34,No,No
EMP-1958,30,Male,Sales,Business Development Associate,Master,0.5,0.5,51006,62.7,22.7,9,78.3,90.8,3.6,7.4,High,60,27,No,Yes
EMP-1959,42,Male,Marketing,Content Strategist,Bachelor,4.1,1.6,116129,56.3,16.3,8,47.4,91.1,3.3,3.4,High,60,31,Yes,Yes
EMP-1960,32,Male,Technology,Data Scientist,Master,6.8,1.3,146518,38.0,0.0,5,90.2,85.5,4.0,6.7,Low,80,19,No,No
EMP-1961,39,Female,Operations,Operations Director,Bachelor,0.5,0.3,66862,63.5,23.5,11,73.3,92.4,3.3,1.7,High,80,19,No,Yes
EMP-1962,22,Male,Technology,Software Engineer,Master,1.0,1.0,97904,40.1,0.1,3,80.4,99.4,4.2,4.1,High,0,41,No,Yes
EMP-1963,36,Female,Operations,Supply Chain Analyst,Master,15.0,9.1,249624,43.1,3.1,2,82.1,90.1,4.1,8.2,Low,0,23,No,Yes
EMP-1964,38,Male,Sales,Business Development Associate,Bachelor,5.4,5.2,128493,38.0,0.0,2,84.5,87.4,3.7,7.6,Medium,60,34,No,No
EMP-1965,27,Male,Sales,Regional Sales Manager,Bachelor,1.1,0.5,73521,38.0,0.0,4,87.1,94.4,4.1,5.1,Low,60,10,No,No
EMP-1966,39,Male,Operations,Process Improvement Manager,Bachelor,0.5,0.3,51717,41.0,1.0,5,81.6,94.8,3.4,4.7,Low,50,36,No,No
EMP-1967,29,Male,Human Resources,HR Executive,Bachelor,8.0,2.6,153779,43.8,3.8,5,85.3,91.2,3.7,7.9,Medium,50,18,Yes,No
EMP-1968,36,Male,R&D,Product Designer,Bachelor,0.8,0.5,84957,61.6,21.6,9,77.8,91.5,3.7,6.1,High,60,14,Yes,Yes
EMP-1969,35,Female,Human Resources,Compensation & Benefits Specialist,Bachelor,0.6,0.5,50778,45.3,5.3,5,88.8,86.6,4.3,5.3,Low,40,24,No,No
EMP-1970,32,Male,Technology,DevOps Engineer,Master,2.7,0.2,104029,38.0,0.0,3,85.3,96.9,3.5,4.9,Medium,50,9,No,No
EMP-1971,32,Male,Operations,Logistics Coordinator,PhD,3.7,2.4,96235,63.3,23.3,7,72.2,99.8,3.8,7.5,High,50,10,No,Yes
EMP-1972,37,Male,Sales,Account Executive,Bachelor,0.5,0.4,52423,40.2,0.2,5,77.7,86.9,3.8,8.7,Low,40,17,No,No
EMP-1973,35,Male,Sales,Enterprise Sales Lead,Master,0.6,0.5,83945,51.4,11.4,10,75.7,91.5,3.9,3.6,High,80,35,No,Yes
EMP-1974,36,Male,Sales,Business Development Associate,Diploma,4.8,2.3,127516,34.7,0.0,1,69.6,90.4,3.7,8.3,Low,50,9,No,No
EMP-1975,36,Male,Technology,Tech Lead,Bachelor,2.3,1.2,126345,46.2,6.2,5,81.3,90.6,3.6,7.1,Low,0,42,No,No
EMP-1976,36,Male,Finance,Chartered Accountant,Master,15.0,2.7,273008,51.6,11.6,5,62.8,94.9,3.1,4.4,High,60,20,No,Yes
EMP-1977,33,Male,Finance,Investment Analyst,Master,1.3,1.0,79259,61.0,21.0,9,88.5,90.7,4.1,4.8,High,100,27,No,No
EMP-1978,30,Male,R&D,Research Scientist,Master,7.3,0.3,182882,37.5,0.0,1,87.3,90.9,3.6,6.7,Low,0,18,No,No
EMP-1979,29,Female,Marketing,Brand Manager,Bachelor,2.4,0.9,115075,38.0,0.0,5,89.5,93.5,4.1,6.3,Low,100,16,No,No
EMP-1980,23,Female,Finance,Chartered Accountant,Bachelor,2.0,1.4,97677,47.0,7.0,4,94.6,89.5,4.0,6.9,Medium,80,32,No,No
EMP-1981,26,Female,R&D,Innovation Lead,Master,3.9,1.4,169668,50.7,10.7,11,80.1,84.2,4.0,1.1,High,40,33,No,Yes
EMP-1982,26,Female,Sales,Enterprise Sales Lead,Master,0.5,0.4,73326,46.6,6.6,3,81.8,88.1,3.5,8.8,Medium,100,27,No,No
EMP-1983,38,Male,Technology,Tech Lead,Bachelor,8.8,3.6,263191,52.3,12.3,7,84.6,99.8,4.1,6.8,High,100,7,No,No
EMP-1984,34,Female,Marketing,SEO Specialist,Bachelor,3.9,3.1,98884,38.0,0.0,5,82.8,97.0,3.8,4.3,Low,40,15,No,Yes
EMP-1985,35,Male,Technology,Data Scientist,Bachelor,5.4,1.5,151323,57.5,17.5,5,65.1,99.8,4.0,2.4,High,0,4,No,Yes
EMP-1986,38,Female,Technology,Senior Developer,Bachelor,8.6,1.8,188706,48.0,8.0,4,89.7,95.9,4.1,8.3,Medium,80,39,No,No
EMP-1987,34,Male,Operations,Operations Associate,Bachelor,2.4,0.3,79924,58.1,18.1,7,68.8,86.1,3.5,5.0,High,80,24,No,No
EMP-1988,39,Male,Operations,Operations Director,Bachelor,0.5,0.2,52034,44.5,4.5,3,83.8,86.8,4.4,5.3,Low,50,38,No,No
EMP-1989,43,Male,Operations,Supply Chain Analyst,Master,0.6,0.5,56354,38.0,0.0,2,89.8,91.1,3.4,7.1,Low,60,31,No,No
EMP-1990,44,Male,Technology,QA Automation Engineer,Bachelor,9.8,2.9,204147,48.0,8.0,2,94.4,88.6,4.5,4.9,Medium,40,35,No,No
EMP-1991,32,Male,Technology,Cloud Architect,Master,0.5,0.5,89949,45.1,5.1,4,97.2,89.6,4.0,6.1,Medium,50,37,No,No
EMP-1992,21,Female,Technology,QA Automation Engineer,Diploma,0.5,0.4,69498,38.0,0.0,4,86.3,83.2,3.7,7.6,Low,60,19,Yes,No
EMP-1993,30,Female,Finance,Investment Analyst,Master,0.5,0.4,58679,46.4,6.4,2,91.5,94.9,4.1,5.8,Low,40,4,No,No
EMP-1994,34,Male,Customer Support,Support Team Lead,Diploma,5.7,2.2,145212,31.2,0.0,1,70.3,93.3,3.5,8.3,Low,100,23,No,No
EMP-1995,39,Female,Operations,Operations Associate,Bachelor,9.1,1.2,174576,38.0,0.0,2,88.1,94.9,4.6,6.7,Low,50,5,No,No
EMP-1996,28,Female,Technology,Cloud Architect,Master,2.6,1.7,149674,48.0,8.0,5,81.9,97.2,3.9,7.1,High,40,19,No,No
EMP-1997,35,Female,Operations,Logistics Coordinator,Bachelor,0.5,0.4,36071,40.0,0.0,5,94.4,89.3,4.1,6.0,Low,60,37,Yes,No
EMP-1998,38,Female,Technology,Data Scientist,Master,0.8,0.6,70117,34.2,0.0,2,85.0,88.5,3.3,8.8,Low,40,5,No,No
EMP-1999,28,Male,Marketing,Growth Marketing Manager,Bachelor,6.3,5.0,213274,47.0,7.0,4,85.2,85.4,3.7,6.8,High,50,24,No,Yes
EMP-2000,28,Male,Operations,Operations Director,Bachelor,0.6,0.2,53630,43.4,3.4,3,81.0,93.4,4.0,6.1,Low,20,4,Yes,No
EMP-2001,24,Female,Technology,Software Engineer,Bachelor,0.9,0.8,72094,42.2,2.2,3,78.0,96.8,3.8,6.2,Medium,40,23,No,No
EMP-2002,21,Female,Finance,Chartered Accountant,Bachelor,0.5,0.2,65900,45.3,5.3,5,81.2,85.2,3.9,6.7,Low,60,10,No,No
EMP-2003,34,Male,Operations,Logistics Coordinator,Bachelor,9.0,8.7,183441,41.6,1.6,2,89.3,87.2,4.5,5.9,Low,40,38,No,No
EMP-2004,30,Male,Human Resources,HR Executive,Master,9.0,3.7,188683,40.3,0.3,4,80.0,94.7,3.5,5.5,Medium,50,4,No,Yes
EMP-2005,21,Female,Marketing,Growth Marketing Manager,Bachelor,0.5,0.5,88392,43.6,3.6,2,79.9,99.8,3.5,9.8,Low,100,35,No,No
EMP-2006,26,Male,Sales,Sales Executive,Bachelor,1.4,1.2,79302,42.2,2.2,2,100.0,99.1,3.9,7.2,Low,60,40,No,No
EMP-2007,37,Male,Technology,DevOps Engineer,Master,0.5,0.4,70857,38.0,0.0,3,73.3,82.3,3.3,3.5,Low,0,44,Yes,No
EMP-2008,29,Female,R&D,Innovation Lead,Bachelor,0.5,0.5,98266,38.0,0.0,2,85.1,90.5,3.6,5.5,Low,80,22,No,No
EMP-2009,23,Male,Technology,Tech Lead,Master,2.0,1.3,142144,35.7,0.0,1,71.7,92.1,3.8,8.7,Low,80,18,No,No
EMP-2010,40,Female,Operations,Operations Director,Master,19.0,13.5,425987,44.1,4.1,3,76.9,93.8,3.6,7.5,Low,50,8,No,Yes
EMP-2011,23,Male,Customer Support,Technical Support Engineer,Bachelor,1.0,0.7,41680,39.3,0.0,4,99.7,96.3,4.5,6.2,Low,40,14,No,No
EMP-2012,35,Male,R&D,Research Scientist,Bachelor,6.6,2.7,180109,58.3,18.3,8,60.3,95.8,3.2,1.6,High,50,40,Yes,Yes
EMP-2013,32,Female,Sales,Account Executive,Bachelor,0.5,0.5,41425,41.4,1.4,5,86.0,91.3,4.4,7.1,Low,20,21,No,No
EMP-2014,27,Male,Technology,Cloud Architect,Master,1.9,0.3,129645,56.4,16.4,11,96.0,90.8,4.5,6.0,High,40,15,No,Yes
EMP-2015,37,Female,R&D,Research Scientist,Bachelor,5.5,2.1,145249,44.1,4.1,5,83.6,93.4,4.2,3.6,Low,20,33,Yes,Yes
EMP-2016,28,Male,Marketing,Digital Marketing Specialist,Master,6.8,5.4,152771,60.1,20.1,11,95.7,83.1,3.9,6.5,High,100,13,No,Yes
EMP-2017,33,Female,Finance,Financial Analyst,Master,4.9,1.0,144289,45.1,5.1,5,84.7,88.6,4.3,7.7,Medium,60,10,No,No
EMP-2018,26,Male,Marketing,Digital Marketing Specialist,Master,3.6,3.0,102774,43.9,3.9,2,86.3,94.0,4.2,6.7,Low,60,38,No,No
EMP-2019,25,Female,Customer Support,Technical Support Engineer,Bachelor,4.0,1.6,100376,67.5,27.5,5,63.3,95.2,3.4,3.4,High,0,28,No,Yes
EMP-2020,30,Male,Marketing,Growth Marketing Manager,Master,5.5,0.6,168899,56.2,16.2,11,79.6,90.2,4.0,3.5,High,40,48,No,Yes
EMP-2021,28,Male,Technology,Senior Developer,Bachelor,7.0,6.1,172192,56.2,16.2,9,86.6,83.1,4.1,1.6,High,50,37,No,Yes
EMP-2022,25,Female,R&D,AI/ML Research Engineer,Bachelor,0.9,0.5,77450,40.5,0.5,4,76.4,91.7,3.8,7.7,Low,20,11,No,Yes
EMP-2023,39,Male,Technology,Cloud Architect,Bachelor,1.5,0.3,116837,51.8,11.8,7,77.1,95.1,3.4,1.4,High,50,24,No,Yes
EMP-2024,26,Female,R&D,Product Designer,Bachelor,5.0,4.2,140183,41.3,1.3,5,88.5,93.4,3.9,5.8,Low,60,4,No,No
EMP-2025,31,Male,Technology,Cloud Architect,Master,4.9,1.1,182970,44.2,4.2,2,79.7,89.7,3.6,8.0,Medium,60,16,No,No
EMP-2026,21,Female,Operations,Logistics Coordinator,Bachelor,0.5,0.2,40661,43.3,3.3,5,75.8,95.3,3.8,8.7,Low,60,17,No,No
EMP-2027,38,Male,Operations,Operations Associate,Bachelor,0.8,0.6,62595,44.5,4.5,5,94.5,90.5,4.7,5.1,Medium,60,22,No,No
EMP-2028,34,Female,Technology,QA Automation Engineer,Bachelor,13.0,3.0,246135,41.4,1.4,5,86.1,89.6,4.1,8.5,Low,60,12,Yes,No
EMP-2029,31,Male,Operations,Operations Associate,Bachelor,4.5,2.8,105190,46.9,6.9,4,96.2,91.2,4.4,5.6,Low,50,27,No,No
EMP-2030,34,Male,Sales,Business Development Associate,Bachelor,3.1,2.4,105178,34.0,0.0,2,80.1,84.3,4.4,7.6,Low,40,20,No,No
EMP-2031,24,Male,Operations,Operations Director,Master,3.0,1.6,102770,43.0,3.0,4,100.0,89.1,4.7,6.6,Low,50,32,No,No
EMP-2032,35,Female,Operations,Operations Associate,Bachelor,4.8,4.8,117684,43.9,3.9,2,89.4,85.0,4.2,7.0,Low,50,36,No,No
EMP-2033,29,Female,Sales,Business Development Associate,Bachelor,8.0,0.6,165407,39.6,0.0,5,85.0,95.4,4.4,5.5,Medium,0,16,No,No
EMP-2034,36,Male,Sales,Regional Sales Manager,Bachelor,0.5,0.3,65754,41.2,1.2,3,77.0,90.3,3.4,7.2,Low,60,14,Yes,No
EMP-2035,32,Male,Marketing,Content Strategist,Bachelor,7.4,5.5,156569,33.5,0.0,1,74.7,98.1,3.9,5.7,Low,80,27,No,No
EMP-2036,29,Female,R&D,Innovation Lead,Master,6.3,3.5,222041,38.7,0.0,3,92.0,93.8,4.0,6.7,Medium,60,36,No,No
EMP-2037,21,Male,Technology,Tech Lead,Master,0.5,0.2,90082,42.6,2.6,5,78.6,89.6,3.6,8.8,Medium,40,22,No,No
EMP-2038,24,Female,Technology,QA Automation Engineer,Master,3.0,0.7,95036,56.9,16.9,5,50.9,88.1,2.9,2.6,Medium,80,25,No,No
EMP-2039,34,Other,Operations,Operations Associate,Master,10.1,9.6,189902,28.1,0.0,2,84.0,92.8,3.8,8.2,Low,60,37,No,No
EMP-2040,25,Male,Technology,Senior Developer,Bachelor,0.8,0.4,82403,38.0,0.0,2,81.8,91.0,4.0,6.0,Low,20,36,No,No
EMP-2041,41,Female,Technology,DevOps Engineer,Bachelor,6.4,5.9,159632,48.0,8.0,5,83.4,93.6,4.1,5.4,Low,80,49,Yes,No
EMP-2042,24,Female,Human Resources,Technical Recruiter,Bachelor,3.0,0.6,89675,44.7,4.7,4,81.6,86.1,3.7,7.2,Low,20,23,No,No
EMP-2043,22,Female,Marketing,Growth Marketing Manager,Bachelor,1.0,0.6,92446,38.0,0.0,2,92.6,88.1,3.8,10.0,Low,20,22,No,No
EMP-2044,31,Male,Human Resources,HR Business Partner,Bachelor,5.2,3.6,128514,34.6,0.0,2,100.0,91.1,4.4,8.9,Low,0,32,No,Yes
EMP-2045,23,Male,R&D,AI/ML Research Engineer,Master,1.5,1.1,101137,34.0,0.0,1,83.9,91.1,3.8,7.6,Low,60,38,No,No
EMP-2046,46,Male,Marketing,SEO Specialist,Master,2.9,2.0,92471,42.8,2.8,3,92.0,97.5,5.0,4.5,Low,40,18,No,No
EMP-2047,34,Female,Marketing,SEO Specialist,Bachelor,11.7,1.7,215467,43.4,3.4,5,83.6,89.0,3.6,8.0,Low,80,11,No,No
EMP-2048,23,Male,Technology,Software Engineer,Bachelor,2.0,0.6,91920,42.0,2.0,3,84.4,96.4,3.8,6.1,Low,20,17,No,No
EMP-2049,33,Female,R&D,Research Scientist,Master,1.8,1.3,104003,45.9,5.9,4,85.5,99.8,3.7,7.6,Low,0,29,Yes,No
EMP-2050,30,Male,Marketing,Brand Manager,Master,9.0,6.8,242453,54.3,14.3,10,87.7,90.6,3.7,1.3,High,60,28,No,Yes
EMP-2051,28,Female,Finance,Payroll Specialist,Master,3.1,0.8,97933,41.1,1.1,4,80.5,87.1,3.9,5.9,Low,60,45,No,No
EMP-2052,34,Female,Technology,DevOps Engineer,Bachelor,12.1,11.7,250927,62.4,22.4,5,91.7,88.0,3.9,3.9,High,50,22,No,Yes
EMP-2053,38,Female,Sales,Account Executive,Bachelor,0.9,0.6,66183,39.2,0.0,2,89.6,90.7,3.5,8.0,Low,0,34,No,No
EMP-2054,22,Male,R&D,Innovation Lead,Master,0.5,0.3,105117,57.2,17.2,6,59.7,89.3,2.6,4.7,High,0,27,No,Yes
EMP-2055,30,Male,Technology,Cloud Architect,Master,9.0,8.6,260038,59.2,19.2,10,52.1,86.9,2.6,7.5,High,0,19,No,Yes
EMP-2056,21,Female,R&D,Research Scientist,Master,0.5,0.2,69394,43.3,3.3,4,78.9,87.8,3.7,7.9,Low,60,17,No,No
EMP-2057,32,Male,Technology,DevOps Engineer,Bachelor,3.1,2.2,110136,47.0,7.0,2,91.2,94.4,3.5,6.7,Low,0,25,Yes,No
EMP-2058,34,Female,Finance,Investment Analyst,Master,2.1,1.5,96502,39.2,0.0,5,92.1,98.2,4.2,2.9,High,60,4,No,Yes
EMP-2059,21,Male,Operations,Supply Chain Analyst,Bachelor,0.5,0.3,54642,61.1,21.1,7,91.6,94.3,4.0,6.9,Medium,20,28,No,No
EMP-2060,21,Female,Marketing,Digital Marketing Specialist,Bachelor,0.5,0.3,48491,43.1,3.1,3,80.0,97.7,3.9,5.8,Low,50,36,Yes,No
EMP-2061,36,Female,Customer Support,Customer Support Specialist,Bachelor,3.6,3.3,89256,39.6,0.0,3,84.2,95.5,3.9,6.8,Medium,50,21,No,No
EMP-2062,27,Male,Sales,Regional Sales Manager,Bachelor,6.0,3.2,178718,59.7,19.7,6,96.0,89.6,4.1,7.1,High,60,31,No,No
EMP-2063,23,Female,Technology,Data Scientist,Bachelor,2.0,1.9,101945,41.6,1.6,5,90.1,86.3,4.2,9.7,Low,60,21,No,No
EMP-2064,41,Female,R&D,Product Designer,Bachelor,6.9,0.9,171035,42.0,2.0,5,94.5,94.4,3.7,6.9,Low,20,32,No,No
EMP-2065,35,Female,Sales,Business Development Associate,Master,3.9,3.8,105776,44.5,4.5,2,93.3,97.1,4.5,2.8,Low,60,18,Yes,No
EMP-2066,23,Male,Customer Support,Technical Support Engineer,Bachelor,1.9,0.4,51188,49.4,9.4,10,42.0,91.2,2.9,4.9,Medium,100,24,Yes,No
EMP-2067,31,Female,Marketing,SEO Specialist,Bachelor,8.1,2.3,167800,39.8,0.0,2,90.0,94.1,3.2,8.2,Low,80,4,Yes,No
EMP-2068,25,Male,Human Resources,Talent Development Lead,Bachelor,4.0,3.7,143051,48.0,8.0,3,86.1,89.8,4.1,6.2,Medium,80,19,Yes,No
EMP-2069,43,Male,Operations,Supply Chain Analyst,Bachelor,2.2,0.3,67596,43.0,3.0,3,91.5,99.0,4.1,7.1,Medium,50,18,No,No
EMP-2070,37,Male,Technology,Software Engineer,Bachelor,8.1,6.6,186712,29.9,0.0,2,72.6,90.9,3.6,7.7,Low,0,22,No,No
EMP-2071,39,Female,Finance,Investment Analyst,Bachelor,0.5,0.3,78217,48.0,8.0,5,88.8,97.6,4.4,7.7,Low,50,26,Yes,No
EMP-2072,27,Male,Finance,Financial Analyst,Master,0.5,0.4,81809,44.9,4.9,3,93.9,92.7,3.5,3.9,Low,20,24,No,Yes
EMP-2073,23,Male,Human Resources,HR Executive,Bachelor,2.0,1.1,78147,48.0,8.0,3,75.4,89.1,3.4,8.6,Low,100,28,No,No
EMP-2074,37,Male,R&D,Research Scientist,Master,1.1,0.6,89110,34.3,0.0,2,84.4,99.8,3.9,6.6,Low,40,7,No,No
EMP-2075,33,Male,Finance,Risk Manager,Bachelor,6.3,2.0,202240,42.4,2.4,2,79.6,88.2,4.0,7.5,Medium,100,27,Yes,No
EMP-2076,34,Male,Technology,Tech Lead,Master,2.3,0.3,111871,40.2,0.2,3,84.3,99.8,4.5,5.2,Medium,40,12,Yes,No
EMP-2077,31,Female,Technology,Cloud Architect,PhD,1.3,0.7,103223,44.5,4.5,3,76.8,91.1,4.3,7.9,Medium,60,38,No,Yes
EMP-2078,30,Female,Human Resources,HR Executive,Bachelor,9.0,7.5,175926,43.3,3.3,2,82.7,94.3,3.3,7.3,Low,80,21,No,No
EMP-2079,43,Male,Human Resources,HR Business Partner,Bachelor,12.2,5.4,214993,43.3,3.3,2,98.6,92.6,3.5,5.4,Low,40,28,No,No
EMP-2080,29,Male,Technology,DevOps Engineer,Master,7.9,5.8,182890,48.0,8.0,5,90.0,93.0,4.1,5.9,Low,60,47,No,No
EMP-2081,24,Female,Technology,DevOps Engineer,Master,3.0,2.9,107809,42.7,2.7,2,100.0,88.4,4.1,6.7,High,40,32,Yes,No
EMP-2082,30,Male,Technology,Data Scientist,Bachelor,9.0,0.9,188154,48.0,8.0,4,96.2,91.1,3.7,4.2,Medium,40,24,No,Yes
EMP-2083,35,Male,Technology,DevOps Engineer,PhD,6.5,2.2,159529,50.5,10.5,9,75.9,99.8,3.6,7.5,High,100,41,No,Yes
EMP-2084,27,Male,Technology,Tech Lead,Master,0.5,0.2,102960,48.0,8.0,4,73.0,95.8,3.5,10.0,Low,60,17,No,No
EMP-2085,44,Male,Technology,Data Scientist,Bachelor,2.5,1.3,100217,35.7,0.0,1,78.8,88.8,3.5,6.5,Low,50,8,No,No
EMP-2086,29,Female,Technology,Data Scientist,Bachelor,8.0,3.2,179601,52.5,12.5,9,89.8,91.4,4.2,5.5,High,0,16,No,Yes
EMP-2087,31,Female,Finance,Risk Manager,Bachelor,2.9,2.1,126874,44.9,4.9,3,88.7,96.9,4.5,5.3,Low,20,15,Yes,No
EMP-2088,38,Male,Technology,Data Scientist,Master,0.5,0.3,69018,60.4,20.4,5,60.3,99.0,3.2,1.9,High,0,33,No,Yes
EMP-2089,30,Female,Marketing,Digital Marketing Specialist,Master,7.7,7.2,163785,42.5,2.5,5,87.1,87.4,4.7,6.7,Low,60,32,No,No
EMP-2090,58,Male,Technology,Senior Developer,Bachelor,1.5,1.3,80576,46.6,6.6,2,86.1,92.7,4.2,8.4,Low,50,4,No,No
EMP-2091,35,Male,Marketing,Digital Marketing Specialist,Bachelor,5.9,2.9,135750,49.1,9.1,11,78.3,91.9,3.1,4.6,High,50,9,No,No
EMP-2092,34,Female,Human Resources,Talent Development Lead,Master,3.1,1.5,118975,47.4,7.4,2,88.7,86.7,4.2,6.9,Low,80,37,Yes,No
EMP-2093,34,Male,Operations,Operations Associate,Bachelor,5.2,1.9,109879,40.0,0.0,3,92.6,94.3,4.1,7.8,Medium,60,34,No,No
EMP-2094,32,Female,Sales,Sales Executive,Bachelor,8.5,0.3,164853,46.9,6.9,5,81.6,97.4,3.8,5.8,Low,60,34,No,No
EMP-2095,21,Male,Technology,Software Engineer,Bachelor,0.5,0.4,64772,65.3,25.3,9,42.4,94.4,2.3,5.6,High,50,18,No,Yes
EMP-2096,21,Female,Technology,QA Automation Engineer,Bachelor,0.5,0.5,73052,46.3,6.3,4,81.2,94.8,4.0,7.3,Low,50,21,No,No
EMP-2097,37,Female,Sales,Business Development Associate,Bachelor,0.9,0.6,64383,61.3,21.3,7,68.0,87.7,3.7,4.0,High,60,21,No,Yes
EMP-2098,22,Female,Operations,Operations Associate,Bachelor,1.0,0.9,72027,47.3,7.3,4,80.9,99.1,4.1,9.0,Medium,20,30,No,No
EMP-2099,31,Male,Technology,DevOps Engineer,Master,1.2,0.2,84054,48.0,8.0,2,86.1,90.1,4.0,6.4,Low,40,47,No,No
EMP-2100,41,Male,Human Resources,Technical Recruiter,Bachelor,2.8,2.1,87073,39.1,0.0,2,82.9,99.6,4.0,6.0,Low,40,40,Yes,No
EMP-2101,33,Male,Customer Support,Customer Success Manager,Master,8.6,8.4,220579,48.0,8.0,3,68.0,89.9,3.5,5.3,High,60,35,No,Yes
EMP-2102,26,Male,Technology,Senior Developer,Bachelor,5.0,4.0,136002,33.3,0.0,1,91.8,97.9,4.2,9.8,Low,40,24,Yes,No
EMP-2103,37,Male,Technology,Senior Developer,Bachelor,1.0,0.7,76324,38.1,0.0,5,80.0,95.8,3.9,6.4,Medium,0,23,No,No
EMP-2104,35,Male,Operations,Logistics Coordinator,Bachelor,7.9,3.0,138983,42.1,2.1,5,86.7,86.0,4.1,7.5,Low,60,27,No,Yes
EMP-2105,31,Female,R&D,Product Designer,Diploma,4.9,1.0,149653,62.6,22.6,6,73.3,93.4,3.8,3.5,Medium,80,39,No,Yes
EMP-2106,31,Male,R&D,Innovation Lead,Bachelor,2.9,1.1,133974,45.3,5.3,3,81.8,93.6,3.7,8.8,Medium,40,17,No,No
EMP-2107,49,Male,Sales,Enterprise Sales Lead,Bachelor,1.3,0.3,109719,43.3,3.3,3,88.8,96.4,3.9,8.4,Medium,60,43,No,No
EMP-2108,33,Female,Technology,Software Engineer,Master,0.5,0.4,66393,63.7,23.7,11,82.3,98.7,4.2,2.2,High,80,21,No,Yes
EMP-2109,25,Female,Technology,Senior Developer,Master,4.0,3.4,129329,44.7,4.7,4,77.6,90.1,3.4,5.1,Low,100,34,No,No
EMP-2110,22,Female,Marketing,SEO Specialist,Bachelor,1.0,0.4,65675,48.0,8.0,2,80.5,95.0,4.0,7.2,Low,50,28,Yes,No
EMP-2111,36,Male,Sales,Sales Executive,Master,15.0,15.0,263267,45.6,5.6,3,91.3,89.5,4.2,5.7,Low,0,16,Yes,No
EMP-2112,37,Female,Technology,Senior Developer,Master,1.5,0.4,91951,44.5,4.5,5,96.2,91.9,4.1,5.0,Medium,50,33,No,No
EMP-2113,24,Female,R&D,AI/ML Research Engineer,Bachelor,1.9,1.6,98085,31.8,0.0,1,84.0,84.5,4.2,8.8,Low,80,28,No,No
EMP-2114,33,Male,Marketing,Digital Marketing Specialist,Bachelor,4.6,2.2,109212,47.9,7.9,3,91.2,96.5,4.1,8.1,Low,20,14,No,No
EMP-2115,23,Male,Technology,Senior Developer,Master,2.0,1.9,84304,34.0,0.0,1,83.8,94.2,3.6,7.9,Low,80,32,No,No
EMP-2116,25,Male,Customer Support,Support Team Lead,Master,4.0,3.9,128533,38.0,0.0,4,95.4,90.3,3.9,8.7,Medium,0,31,No,No
EMP-2117,44,Female,Sales,Account Executive,Bachelor,8.0,3.0,158689,34.5,0.0,2,62.0,99.8,3.1,8.9,Low,40,29,No,No
EMP-2118,28,Female,Operations,Operations Director,Bachelor,3.6,0.7,130184,56.7,16.7,9,64.5,84.3,3.8,5.0,High,80,11,No,No
EMP-2119,30,Female,Technology,QA Automation Engineer,Bachelor,2.5,1.3,100137,45.7,5.7,4,81.7,95.5,3.9,7.7,Medium,60,44,No,No
EMP-2120,27,Male,Human Resources,Compensation & Benefits Specialist,Bachelor,0.5,0.2,35756,57.2,17.2,5,86.3,98.6,4.5,1.8,High,50,14,Yes,No
EMP-2121,21,Male,Finance,Financial Analyst,Bachelor,0.5,0.3,70706,30.9,0.0,1,95.2,94.4,4.3,7.4,Low,40,17,No,No
EMP-2122,31,Female,Human Resources,Compensation & Benefits Specialist,Diploma,9.1,1.4,178146,41.9,1.9,2,79.5,90.8,3.8,7.2,High,100,12,No,No
EMP-2123,29,Female,Sales,Enterprise Sales Lead,Master,4.5,4.2,171693,51.5,11.5,11,50.9,96.7,3.2,3.2,High,60,18,No,Yes
EMP-2124,36,Male,Sales,Business Development Associate,Bachelor,6.0,0.6,138125,45.0,5.0,2,97.3,94.5,4.2,8.7,Medium,100,29,No,No
EMP-2125,36,Male,Operations,Supply Chain Analyst,Master,8.6,4.5,156205,43.1,3.1,5,82.8,92.7,3.8,8.7,Low,40,4,No,Yes
EMP-2126,28,Male,Operations,Logistics Coordinator,Bachelor,7.0,2.9,143560,40.5,0.5,5,100.0,85.4,4.6,10.0,High,20,28,No,No
EMP-2127,28,Male,Technology,QA Automation Engineer,Bachelor,7.0,5.3,175811,30.5,0.0,1,81.6,93.9,3.5,6.2,Low,50,13,No,No
EMP-2128,38,Male,Technology,QA Automation Engineer,Bachelor,1.3,1.1,89491,41.0,1.0,3,100.0,95.9,4.9,7.6,Low,20,35,No,No
EMP-2129,35,Male,Sales,Sales Executive,Bachelor,9.3,4.3,181256,43.9,3.9,4,88.3,99.8,3.9,5.4,Low,80,8,Yes,No
EMP-2130,22,Female,Finance,Risk Manager,Bachelor,1.0,0.6,102112,42.3,2.3,2,82.9,91.6,4.2,6.1,High,60,25,No,Yes
EMP-2131,30,Male,Operations,Operations Associate,Bachelor,1.7,1.2,56578,43.5,3.5,3,86.8,97.3,3.5,9.1,Medium,20,31,No,No
EMP-2132,29,Female,Sales,Account Executive,Diploma,0.5,0.3,51848,65.2,25.2,10,93.8,99.8,4.4,4.4,High,20,20,No,Yes
EMP-2133,29,Female,Technology,DevOps Engineer,Bachelor,1.4,0.2,85922,44.1,4.1,5,91.1,99.4,3.9,4.8,Low,60,4,No,No
EMP-2134,24,Male,Operations,Process Improvement Manager,Bachelor,3.0,1.7,104337,42.0,2.0,3,99.9,86.8,4.3,6.5,High,100,24,No,No
EMP-2135,29,Male,Sales,Sales Executive,Master,1.7,0.8,80533,40.3,0.3,3,83.1,94.0,4.3,7.9,Low,20,12,No,No
EMP-2136,21,Male,Marketing,SEO Specialist,Master,0.5,0.4,53109,47.8,7.8,4,93.7,89.2,3.9,6.5,Low,40,11,Yes,No
EMP-2137,26,Male,Technology,Cloud Architect,Bachelor,0.5,0.3,102091,45.0,5.0,3,86.7,89.4,4.4,3.7,Medium,80,24,No,No
EMP-2138,37,Male,Technology,Cloud Architect,Bachelor,1.2,0.8,105999,40.6,0.6,5,86.5,89.1,3.6,5.9,Low,0,24,No,No
EMP-2139,37,Female,Technology,Data Scientist,Master,3.4,3.2,115083,41.9,1.9,2,73.2,94.2,3.1,5.9,Low,60,30,No,No
EMP-2140,33,Female,Technology,Cloud Architect,Bachelor,1.6,0.9,107427,46.9,6.9,5,81.8,95.5,4.5,6.7,Low,50,4,No,No
EMP-2141,30,Male,R&D,Innovation Lead,Bachelor,1.8,1.5,138937,39.2,0.0,2,84.8,85.1,3.8,8.1,Medium,20,18,No,No
EMP-2142,39,Female,Finance,Payroll Specialist,Bachelor,2.3,0.6,99009,60.2,20.2,11,69.8,95.5,3.5,4.6,High,20,6,No,No
EMP-2143,39,Male,Human Resources,HR Executive,PhD,6.4,4.7,141821,38.7,0.0,4,69.4,91.1,3.3,6.9,Low,60,25,Yes,No
EMP-2144,23,Male,Sales,Account Executive,Bachelor,2.0,1.6,81000,65.4,25.4,6,61.0,99.8,3.5,4.1,High,0,22,No,Yes
EMP-2145,24,Female,R&D,AI/ML Research Engineer,Master,1.0,0.5,95504,31.3,0.0,1,100.0,99.8,4.7,7.7,Low,60,24,No,No
EMP-2146,25,Female,Operations,Operations Associate,Master,4.0,3.0,98226,48.0,8.0,4,83.3,89.1,4.2,4.9,Low,20,17,No,No
EMP-2147,39,Male,Customer Support,Customer Support Specialist,Bachelor,4.7,4.3,109995,44.7,4.7,5,80.9,88.5,4.1,5.4,High,60,25,No,Yes
EMP-2148,21,Male,Technology,Software Engineer,Master,0.5,0.3,69926,53.8,13.8,11,71.6,91.2,3.7,7.5,High,20,37,No,No
EMP-2149,26,Female,Finance,Chartered Accountant,Master,5.0,3.9,141372,32.0,0.0,1,87.6,98.6,4.4,7.6,Low,0,13,No,No
EMP-2150,30,Male,Operations,Operations Director,Bachelor,4.3,1.1,137412,42.2,2.2,2,82.9,87.9,3.3,7.2,Low,40,27,No,No
EMP-2151,23,Male,Technology,Data Scientist,Bachelor,2.0,0.8,95892,40.9,0.9,5,78.0,89.4,3.6,10.0,Low,60,29,No,No
EMP-2152,27,Female,Technology,Software Engineer,Bachelor,0.5,0.3,79237,40.0,0.0,2,95.4,96.6,4.4,5.7,Medium,80,9,Yes,No
EMP-2153,31,Female,Technology,Data Scientist,Master,9.4,1.5,209367,38.0,0.0,4,83.0,89.0,4.0,7.4,Low,0,15,Yes,No
EMP-2154,21,Female,Technology,DevOps Engineer,Master,0.5,0.4,66786,40.7,0.7,4,82.2,88.6,3.6,8.7,Low,40,30,No,No
EMP-2155,27,Female,Technology,Tech Lead,Bachelor,4.4,1.6,174649,38.4,0.0,5,92.5,89.0,4.3,9.2,Low,40,30,No,No
EMP-2156,34,Female,Finance,Payroll Specialist,Master,1.1,0.2,76074,44.1,4.1,3,93.3,83.3,4.4,4.4,Low,50,33,Yes,No
EMP-2157,46,Male,Customer Support,Technical Support Engineer,Bachelor,6.5,4.7,130787,42.0,2.0,2,83.3,88.6,3.7,8.1,Low,50,30,No,No
EMP-2158,39,Female,R&D,Innovation Lead,Bachelor,0.5,0.3,91574,39.0,0.0,4,80.0,91.3,3.5,5.8,Low,100,7,No,No
EMP-2159,40,Female,Sales,Business Development Associate,Bachelor,0.5,0.5,41285,45.1,5.1,3,100.0,91.6,4.4,8.1,Low,50,13,No,No
EMP-2160,29,Male,Finance,Investment Analyst,Master,8.0,0.9,180283,38.7,0.0,4,93.7,95.1,4.2,7.9,Low,50,11,No,No
EMP-2161,22,Male,Sales,Sales Executive,Bachelor,1.0,0.3,67122,54.4,14.4,8,83.9,90.3,4.3,1.1,High,40,42,No,Yes
EMP-2162,37,Male,Customer Support,Customer Success Manager,Bachelor,2.7,0.9,100967,41.7,1.7,3,79.3,85.2,4.1,7.4,Low,0,44,No,No
EMP-2163,37,Male,Sales,Account Executive,Bachelor,1.7,0.2,73836,38.0,0.0,2,99.0,91.6,4.8,7.4,Low,40,32,No,No
EMP-2164,41,Male,Finance,Risk Manager,Master,1.8,0.9,127395,39.6,0.0,5,99.7,96.7,4.2,4.5,High,50,34,No,No
EMP-2165,21,Female,Human Resources,HR Executive,Bachelor,0.5,0.3,53971,29.2,0.0,2,80.6,90.2,3.7,7.3,Low,50,29,No,No
EMP-2166,22,Female,Technology,Tech Lead,Bachelor,1.0,0.3,133987,45.1,5.1,4,72.4,97.0,3.6,8.3,Low,50,32,No,No
EMP-2167,29,Male,Sales,Enterprise Sales Lead,Bachelor,3.8,3.5,125216,42.3,2.3,3,86.6,95.1,3.5,8.7,Low,40,26,Yes,No
EMP-2168,25,Female,Finance,Investment Analyst,PhD,4.0,1.2,94980,44.4,4.4,2,98.3,92.5,4.2,7.6,Low,0,31,No,No
EMP-2169,25,Male,Sales,Enterprise Sales Lead,Bachelor,4.0,1.2,133574,56.1,16.1,9,74.0,87.5,3.3,5.2,High,60,51,No,No
EMP-2170,37,Female,Technology,Data Scientist,Master,0.5,0.2,72030,42.7,2.7,3,78.0,91.0,3.3,6.3,Medium,40,17,No,No
EMP-2171,28,Male,Technology,QA Automation Engineer,Bachelor,1.5,1.1,68692,38.0,0.0,4,75.9,97.8,3.8,8.5,Low,0,38,No,No
EMP-2172,21,Male,Marketing,Brand Manager,Bachelor,0.5,0.3,62156,39.1,0.0,5,98.2,94.7,4.7,5.3,Low,40,39,No,No
EMP-2173,30,Female,R&D,Innovation Lead,Bachelor,3.3,2.0,170284,34.4,0.0,2,71.7,99.8,3.3,8.4,Low,0,34,No,Yes
EMP-2174,30,Female,Marketing,Content Strategist,Master,9.0,7.8,174347,48.0,8.0,4,90.8,95.4,5.0,7.1,Low,60,20,No,No
EMP-2175,38,Female,Customer Support,Support Team Lead,Bachelor,7.5,0.3,205956,45.6,5.6,5,100.0,92.5,3.9,6.9,Low,60,26,No,No
EMP-2176,30,Female,Sales,Business Development Associate,Bachelor,9.0,8.1,180665,56.3,16.3,8,90.9,91.7,3.9,4.4,High,60,20,No,Yes
EMP-2177,32,Male,Technology,Software Engineer,Bachelor,9.5,7.8,202459,38.2,0.0,4,82.9,94.5,4.3,6.0,Low,100,22,No,No
EMP-2178,21,Male,Operations,Supply Chain Analyst,Master,0.5,0.5,48565,62.9,22.9,7,63.5,89.8,3.3,7.3,High,40,23,No,No
EMP-2179,25,Female,Technology,Software Engineer,Bachelor,4.0,2.5,123927,40.6,0.6,4,91.1,86.9,3.9,8.1,Low,60,19,No,No
EMP-2180,21,Other,Human Resources,HR Executive,Master,0.5,0.2,62180,31.5,0.0,2,70.1,94.7,3.4,6.0,Low,50,24,No,No
EMP-2181,31,Female,Operations,Logistics Coordinator,Bachelor,9.3,6.7,168549,42.1,2.1,2,78.3,88.9,3.3,6.1,Low,50,29,No,No
EMP-2182,36,Male,Sales,Enterprise Sales Lead,PhD,0.5,0.4,82548,42.0,2.0,4,84.6,93.9,4.2,5.7,Low,0,30,Yes,No
EMP-2183,22,Male,R&D,Innovation Lead,Bachelor,1.0,0.3,112518,46.3,6.3,4,90.8,84.7,4.8,7.0,Low,50,23,Yes,No
EMP-2184,36,Male,Finance,Chartered Accountant,Master,0.5,0.2,73794,59.5,19.5,5,86.3,92.9,3.6,3.6,Medium,60,24,No,Yes
EMP-2185,24,Male,Technology,Software Engineer,Master,3.0,2.6,103638,50.0,10.0,10,61.7,86.6,2.7,4.1,High,40,19,No,Yes
EMP-2186,28,Male,Human Resources,Talent Development Lead,Bachelor,4.1,0.3,159745,53.9,13.9,6,47.8,89.1,2.1,1.1,High,0,31,No,Yes
EMP-2187,31,Female,Finance,Chartered Accountant,Diploma,2.6,2.0,88861,62.2,22.2,6,76.0,80.0,3.8,2.7,High,40,16,No,Yes
EMP-2188,34,Female,Technology,Senior Developer,Bachelor,6.2,3.3,153865,44.8,4.8,4,79.0,99.8,4.2,9.4,Low,60,17,No,No
EMP-2189,34,Female,Human Resources,Compensation & Benefits Specialist,Bachelor,0.5,0.2,41463,41.5,1.5,5,83.4,96.6,4.0,5.9,Low,50,24,No,Yes
EMP-2190,32,Male,Finance,Financial Analyst,Bachelor,3.8,2.5,124882,57.1,17.1,11,86.8,96.1,3.9,5.5,High,50,20,No,Yes
EMP-2191,29,Male,Technology,Software Engineer,Master,0.5,0.5,68657,47.7,7.7,2,87.8,96.6,4.2,5.3,Medium,50,23,No,No
EMP-2192,42,Male,Operations,Supply Chain Analyst,Bachelor,5.0,3.8,117622,62.9,22.9,5,77.0,95.7,4.1,4.4,High,60,14,No,Yes
EMP-2193,41,Female,Technology,QA Automation Engineer,PhD,1.6,0.5,100627,42.8,2.8,3,71.0,87.7,3.7,8.2,Low,40,15,No,No
EMP-2194,30,Female,Marketing,Content Strategist,Master,2.7,1.9,79888,66.0,26.0,7,94.9,93.6,4.7,6.1,High,0,29,No,No
EMP-2195,36,Female,Technology,DevOps Engineer,Bachelor,8.1,1.1,171148,40.6,0.6,5,86.1,96.5,4.5,6.7,Low,40,35,No,No
EMP-2196,40,Male,Finance,Chartered Accountant,Master,17.8,11.9,316815,63.0,23.0,8,69.3,99.0,3.4,2.7,High,100,15,No,Yes
EMP-2197,35,Male,Sales,Account Executive,Master,2.2,1.4,87383,40.1,0.1,2,75.8,88.5,3.1,6.3,Low,40,23,Yes,No
EMP-2198,43,Male,Operations,Operations Associate,Bachelor,1.8,1.8,74684,60.4,20.4,8,59.1,83.5,3.1,2.0,High,60,8,No,No
EMP-2199,36,Male,Finance,Chartered Accountant,Master,2.3,1.5,88144,53.4,13.4,9,65.0,87.3,3.2,6.5,High,20,20,Yes,No
EMP-2200,30,Female,Sales,Business Development Associate,Master,3.9,0.5,118141,46.4,6.4,2,96.0,86.0,3.8,3.9,Low,50,43,No,No
EMP-2201,32,Male,Marketing,Digital Marketing Specialist,Bachelor,0.8,0.5,53575,33.9,0.0,1,89.6,89.1,3.4,8.3,Low,20,29,No,No
EMP-2202,42,Male,Technology,Software Engineer,Master,1.3,0.6,80059,38.0,0.0,4,84.0,89.3,3.7,10.0,Low,60,25,No,No
EMP-2203,26,Male,Human Resources,Talent Development Lead,Bachelor,5.0,2.2,156289,39.2,0.0,5,74.6,90.8,4.0,5.6,Low,50,20,No,No
EMP-2204,39,Female,Marketing,SEO Specialist,Bachelor,5.0,3.6,123597,31.1,0.0,1,79.4,89.0,3.8,5.8,Low,80,25,No,No
EMP-2205,21,Female,Operations,Logistics Coordinator,Bachelor,0.5,0.3,51653,37.3,0.0,2,87.8,92.5,4.1,6.1,Low,40,17,No,No
EMP-2206,33,Male,Finance,Payroll Specialist,Bachelor,5.7,5.3,143803,41.5,1.5,3,76.5,92.4,3.4,6.3,Medium,80,4,No,No
EMP-2207,25,Male,Sales,Account Executive,Bachelor,2.6,1.0,91133,43.6,3.6,5,73.8,96.1,3.4,7.0,Low,60,28,No,No
EMP-2208,24,Female,R&D,AI/ML Research Engineer,Master,0.5,0.3,72379,46.8,6.8,4,99.5,91.9,4.4,7.1,Low,0,41,No,No
EMP-2209,38,Female,Technology,QA Automation Engineer,Master,10.9,6.1,228122,46.1,6.1,5,83.4,92.5,3.9,8.9,Medium,40,18,No,No
EMP-2210,29,Female,Technology,QA Automation Engineer,Bachelor,8.0,2.7,185700,38.0,0.0,3,88.6,94.6,4.4,5.4,Low,50,14,No,No
EMP-2211,43,Male,Technology,QA Automation Engineer,Master,5.3,3.6,149812,46.9,6.9,4,86.1,85.5,4.1,8.1,Low,40,22,No,No
EMP-2212,41,Male,Customer Support,Support Team Lead,Bachelor,0.5,0.4,68458,50.9,10.9,10,90.7,99.8,4.2,7.5,Medium,0,29,No,Yes
EMP-2213,41,Male,Marketing,SEO Specialist,Bachelor,11.5,8.2,209100,40.8,0.8,4,77.8,96.8,4.1,7.6,Medium,0,24,No,No
EMP-2214,41,Male,Marketing,Brand Manager,Bachelor,16.4,8.8,388773,63.1,23.1,7,88.4,97.0,4.0,3.3,Medium,100,28,Yes,No
EMP-2215,31,Female,Operations,Operations Director,Master,2.7,2.7,104002,49.2,9.2,6,72.4,90.2,3.9,4.3,Medium,0,4,No,No
EMP-2216,35,Other,Operations,Logistics Coordinator,Bachelor,8.5,3.8,155999,33.9,0.0,2,82.2,89.7,3.6,7.3,Low,60,19,No,Yes
EMP-2217,44,Male,Sales,Business Development Associate,Bachelor,15.2,7.9,265695,40.3,0.3,3,80.7,89.1,3.9,7.5,Low,40,35,No,No
EMP-2218,34,Female,Technology,Software Engineer,Master,3.5,2.0,116364,43.3,3.3,5,100.0,90.3,4.6,7.0,Medium,40,47,No,No
EMP-2219,39,Male,Technology,Cloud Architect,Master,0.5,0.4,98421,43.8,3.8,2,94.2,83.3,3.7,4.4,Low,60,38,No,No
EMP-2220,33,Male,Technology,Senior Developer,Bachelor,10.4,3.0,211376,47.6,7.6,2,78.9,95.0,4.1,7.6,Low,60,11,Yes,No
EMP-2221,23,Male,Technology,Tech Lead,Bachelor,2.0,1.7,126477,48.0,8.0,3,91.2,90.0,4.1,7.7,Low,0,22,No,No
EMP-2222,25,Female,Finance,Financial Analyst,Bachelor,2.4,2.2,87143,65.2,25.2,5,55.0,86.2,2.8,7.0,High,50,32,No,Yes
EMP-2223,36,Female,R&D,Research Scientist,Master,11.9,1.6,242651,39.8,0.0,3,77.0,86.2,3.9,6.0,Medium,60,29,No,Yes
EMP-2224,41,Female,Marketing,Growth Marketing Manager,Bachelor,5.3,4.3,171418,38.6,0.0,3,82.1,99.8,4.3,7.1,Low,60,19,No,Yes
EMP-2225,28,Male,Human Resources,Talent Development Lead,Bachelor,4.2,1.2,151876,42.2,2.2,3,94.5,94.4,4.0,6.7,Medium,60,15,No,No
EMP-2226,44,Male,Human Resources,Technical Recruiter,Master,0.5,0.3,59598,42.2,2.2,2,98.1,95.6,4.6,7.3,Low,80,16,No,No
EMP-2227,26,Male,Technology,Data Scientist,Bachelor,5.0,2.1,131673,38.0,0.0,2,93.7,98.3,4.3,8.5,Medium,20,17,No,No
EMP-2228,29,Female,Technology,Software Engineer,Bachelor,1.2,0.5,68178,41.9,1.9,2,100.0,93.1,4.5,6.2,Low,0,4,No,No
EMP-2229,25,Male,R&D,Innovation Lead,Master,4.0,0.4,184778,58.9,18.9,10,76.0,89.6,3.6,5.8,High,60,24,No,No
EMP-2230,27,Female,Technology,QA Automation Engineer,Master,5.0,4.8,129200,48.0,8.0,4,77.6,92.9,3.8,7.1,Low,100,28,No,No
EMP-2231,30,Female,Finance,Investment Analyst,Master,9.0,1.5,193583,39.0,0.0,4,83.2,98.0,4.2,8.4,High,60,23,No,Yes
EMP-2232,31,Female,Technology,Data Scientist,Bachelor,1.3,0.5,76520,43.2,3.2,3,86.0,95.6,3.7,4.7,Medium,0,10,No,No
EMP-2233,29,Male,Technology,QA Automation Engineer,Bachelor,2.9,1.5,97533,38.0,0.0,4,93.8,95.9,4.5,7.6,High,0,34,No,No
EMP-2234,29,Male,Technology,QA Automation Engineer,Bachelor,5.0,4.8,138114,39.9,0.0,2,87.9,87.5,4.2,6.9,Low,60,35,Yes,No
EMP-2235,21,Male,Technology,Data Scientist,Master,0.5,0.2,68149,43.7,3.7,3,86.5,88.0,4.1,8.1,Low,60,36,Yes,No
EMP-2236,24,Male,R&D,Research Scientist,Bachelor,3.0,0.9,113168,45.0,5.0,5,95.5,94.8,4.0,7.1,Low,20,24,No,No
EMP-2237,25,Male,Technology,Tech Lead,Bachelor,3.3,1.9,153860,45.6,5.6,4,87.7,91.9,3.8,7.4,Low,40,21,No,No
EMP-2238,24,Female,Technology,QA Automation Engineer,Master,3.0,2.4,101707,38.0,0.0,5,83.7,91.4,3.8,10.0,Low,40,54,No,No
EMP-2239,32,Female,Technology,Tech Lead,Bachelor,11.0,5.1,295131,44.6,4.6,4,90.5,86.3,3.6,6.7,Low,60,19,No,No
EMP-2240,42,Male,Technology,Cloud Architect,Bachelor,0.5,0.3,103823,44.2,4.2,3,77.5,90.9,4.0,8.4,High,80,32,No,No
EMP-2241,27,Female,Marketing,Digital Marketing Specialist,PhD,3.2,2.2,95792,36.1,0.0,2,73.6,99.6,3.6,8.0,Low,0,17,No,No
EMP-2242,33,Male,R&D,Research Scientist,Bachelor,3.6,1.2,116328,29.0,0.0,1,89.4,87.8,3.9,7.4,Low,40,21,No,No
EMP-2243,32,Male,Technology,Data Scientist,Bachelor,11.0,1.1,234807,42.9,2.9,4,80.6,92.5,3.3,5.7,Low,40,23,No,No
EMP-2244,43,Female,Sales,Business Development Associate,Bachelor,1.2,0.9,67425,45.4,5.4,2,76.4,98.1,3.7,6.1,Low,0,41,No,No
EMP-2245,30,Other,Operations,Process Improvement Manager,Bachelor,9.0,5.8,223801,48.0,8.0,2,86.3,90.0,4.0,8.7,Medium,20,40,No,No
EMP-2246,25,Female,Human Resources,Compensation & Benefits Specialist,Bachelor,3.0,1.3,82021,48.0,8.0,3,76.6,99.8,3.9,7.4,Low,100,45,No,No
EMP-2247,37,Female,Finance,Payroll Specialist,Master,7.3,2.6,169712,57.0,17.0,5,88.1,92.2,4.0,5.1,High,0,35,No,Yes
EMP-2248,41,Male,Sales,Sales Executive,Bachelor,4.4,3.9,124484,47.0,7.0,2,93.7,92.8,3.8,7.0,Low,100,4,Yes,No
EMP-2249,34,Female,Human Resources,Technical Recruiter,Bachelor,6.3,4.5,137279,47.0,7.0,5,76.7,99.8,4.2,7.1,Low,0,38,No,Yes
EMP-2250,41,Female,Finance,Chartered Accountant,Master,2.4,0.2,88191,46.1,6.1,5,100.0,92.0,4.3,4.6,Medium,40,29,No,No
EMP-2251,38,Female,Sales,Regional Sales Manager,Bachelor,0.5,0.3,83874,45.2,5.2,2,80.3,97.8,3.8,7.4,Low,100,28,Yes,No
EMP-2252,23,Male,Sales,Sales Executive,Bachelor,2.0,0.6,78764,54.5,14.5,9,75.9,98.4,3.9,3.9,High,80,53,No,Yes
EMP-2253,22,Male,Technology,Tech Lead,Bachelor,0.9,0.4,94486,57.3,17.3,11,73.0,92.0,3.3,4.2,High,80,5,No,No
EMP-2254,23,Male,Technology,Software Engineer,Master,0.6,0.4,80612,61.3,21.3,10,42.0,97.0,2.6,3.8,High,20,23,Yes,Yes
EMP-2255,30,Male,Sales,Business Development Associate,Bachelor,3.4,2.5,103341,40.6,0.6,2,100.0,99.6,4.6,6.9,Medium,60,22,Yes,No
EMP-2256,32,Male,Finance,Chartered Accountant,Master,5.6,3.8,150846,39.9,0.0,3,100.0,90.6,4.5,4.6,Low,0,4,No,No
EMP-2257,34,Male,Technology,DevOps Engineer,Master,5.5,3.0,144807,42.9,2.9,2,80.2,93.1,3.4,8.3,Medium,0,18,No,No
EMP-2258,33,Male,R&D,AI/ML Research Engineer,Master,4.0,3.6,132820,39.8,0.0,2,93.8,86.5,3.9,4.3,Low,40,26,No,Yes
EMP-2259,27,Male,Sales,Enterprise Sales Lead,Bachelor,6.0,2.4,180520,43.2,3.2,3,81.7,90.3,4.2,7.2,Low,0,4,No,No
EMP-2260,31,Male,Technology,DevOps Engineer,Master,0.5,0.2,66582,43.0,3.0,2,80.8,83.8,3.9,7.9,Low,20,27,Yes,No
EMP-2261,35,Female,Technology,Data Scientist,Master,13.7,1.0,269855,56.9,16.9,7,58.3,97.1,3.0,1.4,High,20,31,No,Yes
EMP-2262,33,Female,Technology,Cloud Architect,Master,4.9,1.7,176158,41.1,1.1,3,76.9,95.0,3.5,7.6,Low,40,33,No,No
EMP-2263,28,Female,Technology,Tech Lead,Master,0.9,0.4,94618,29.0,0.0,1,83.3,93.6,3.8,8.0,Low,60,38,No,No
EMP-2264,24,Male,Operations,Process Improvement Manager,Bachelor,3.0,0.7,109948,44.5,4.5,3,99.3,93.8,4.2,4.0,Medium,60,23,No,No
EMP-2265,22,Female,Operations,Logistics Coordinator,Bachelor,1.0,0.2,56329,42.1,2.1,4,77.1,89.7,3.9,5.7,Low,40,36,No,Yes
EMP-2266,26,Male,Technology,QA Automation Engineer,PhD,4.9,4.2,139105,46.9,6.9,4,98.6,96.0,4.4,8.5,Medium,60,16,No,No
EMP-2267,32,Male,R&D,Research Scientist,Master,8.8,5.2,197127,41.0,1.0,3,73.7,88.4,3.3,6.0,Low,40,17,Yes,No
EMP-2268,33,Female,Operations,Operations Director,Master,5.2,4.5,155857,40.6,0.6,5,95.9,95.1,4.1,5.8,Medium,0,35,Yes,No
EMP-2269,30,Female,Technology,DevOps Engineer,Bachelor,0.7,0.7,73004,41.4,1.4,3,90.1,88.8,4.3,5.2,Low,60,36,No,No
EMP-2270,31,Male,Operations,Operations Associate,Bachelor,9.6,2.5,168308,67.2,27.2,6,96.0,88.9,3.7,2.2,Medium,50,4,No,No
EMP-2271,34,Other,Sales,Account Executive,Diploma,1.2,1.1,61460,48.0,8.0,2,83.7,99.8,4.0,6.6,Low,60,21,No,No
EMP-2272,28,Female,Finance,Payroll Specialist,Master,2.6,0.4,107199,44.1,4.1,5,93.0,95.8,3.9,8.7,Low,80,27,No,No
EMP-2273,31,Male,Finance,Risk Manager,Bachelor,4.9,2.8,179338,38.0,0.0,2,85.7,94.6,3.6,7.0,Low,60,18,No,No
EMP-2274,31,Male,Technology,Software Engineer,Bachelor,4.1,2.2,129266,39.9,0.0,5,88.3,92.8,4.1,9.6,Medium,80,17,No,No
EMP-2275,49,Male,Sales,Business Development Associate,Bachelor,6.9,6.2,156548,41.0,1.0,2,98.5,88.5,4.1,4.8,Medium,50,39,No,No
EMP-2276,33,Female,Finance,Risk Manager,Master,8.8,8.1,261738,43.7,3.7,4,93.6,87.9,4.5,5.6,Low,50,30,No,No
EMP-2277,31,Male,Finance,Investment Analyst,Master,2.9,1.9,97425,41.3,1.3,5,85.5,97.2,4.0,8.3,Low,80,14,No,No
EMP-2278,24,Female,Customer Support,Technical Support Engineer,PhD,3.0,0.9,70028,40.7,0.7,3,81.1,90.7,3.7,9.3,Low,60,22,No,No
EMP-2279,21,Female,Operations,Supply Chain Analyst,Master,0.5,0.4,43453,41.1,1.1,4,100.0,88.0,4.2,7.2,Low,80,24,No,No
EMP-2280,37,Male,R&D,Innovation Lead,Bachelor,0.5,0.5,113408,38.0,0.0,4,87.6,88.9,3.9,8.1,Low,0,22,No,No
EMP-2281,37,Female,Technology,Data Scientist,Bachelor,0.8,0.5,87517,60.8,20.8,7,88.7,87.1,4.4,2.9,High,0,14,No,No
EMP-2282,33,Male,Technology,Senior Developer,Master,3.1,2.7,113349,38.0,0.0,3,85.2,90.3,4.1,9.8,Low,80,14,Yes,No
EMP-2283,29,Female,R&D,Innovation Lead,Bachelor,0.5,0.3,104411,40.9,0.9,3,79.7,95.7,3.7,7.4,High,60,28,No,No
EMP-2284,31,Male,Operations,Logistics Coordinator,Master,1.8,0.6,59583,33.9,0.0,1,88.8,97.9,3.8,7.2,Low,100,10,No,No
EMP-2285,26,Male,Finance,Chartered Accountant,Master,5.0,0.8,127415,38.0,0.0,4,79.9,95.6,4.0,7.3,Low,80,11,Yes,No
EMP-2286,28,Male,Finance,Payroll Specialist,Master,0.5,0.4,70968,29.5,0.0,1,91.7,99.3,4.3,6.8,Low,100,27,No,No
EMP-2287,44,Male,Technology,Software Engineer,Bachelor,2.8,1.0,95178,48.0,8.0,3,79.4,95.7,3.7,8.7,Low,0,32,No,No
EMP-2288,34,Male,Human Resources,Technical Recruiter,Bachelor,4.7,4.2,95964,66.6,26.6,10,96.0,87.7,4.2,5.3,Medium,20,24,No,No
EMP-2289,21,Male,Technology,QA Automation Engineer,Master,0.5,0.4,69508,38.0,0.0,2,89.7,90.8,3.7,8.9,Medium,60,37,No,No
EMP-2290,23,Male,Technology,Software Engineer,Bachelor,2.0,0.4,94839,64.6,24.6,7,75.0,96.4,3.8,4.8,High,50,25,No,No
EMP-2291,37,Male,Operations,Operations Director,Bachelor,1.5,1.3,91255,48.0,8.0,3,98.0,96.1,4.6,9.5,Low,100,28,No,No
EMP-2292,30,Female,Sales,Enterprise Sales Lead,Bachelor,9.0,7.9,236174,43.4,3.4,3,80.9,98.9,4.0,5.4,Medium,40,21,Yes,No
EMP-2293,28,Other,Operations,Operations Associate,Bachelor,7.0,1.8,136729,39.7,0.0,4,99.8,98.7,3.5,8.1,Low,0,37,No,No
EMP-2294,35,Male,Technology,Data Scientist,Bachelor,1.7,0.9,85351,43.3,3.3,3,78.5,95.9,3.4,7.5,Low,20,15,Yes,No
EMP-2295,27,Female,Finance,Payroll Specialist,Bachelor,0.5,0.2,63939,47.1,7.1,3,92.0,90.0,4.0,8.3,Low,40,4,No,No
EMP-2296,39,Male,Human Resources,Compensation & Benefits Specialist,Bachelor,0.5,0.2,47906,58.3,18.3,9,92.4,96.2,4.1,6.1,High,60,24,No,Yes
EMP-2297,21,Female,Customer Support,Customer Support Specialist,Bachelor,0.5,0.3,55486,33.6,0.0,1,99.2,97.3,4.7,7.5,Low,100,11,No,No
EMP-2298,30,Male,Sales,Account Executive,Bachelor,9.0,7.5,182388,58.7,18.7,5,85.0,90.9,3.5,6.1,High,60,15,Yes,No
EMP-2299,33,Female,Technology,Software Engineer,Bachelor,2.2,0.8,94303,47.6,7.6,5,89.1,88.8,4.2,5.7,Low,50,48,No,No
EMP-2300,33,Male,Technology,DevOps Engineer,PhD,10.3,6.2,203014,40.1,0.1,3,80.3,83.8,3.7,6.1,Low,50,37,No,No
EMP-2301,36,Female,Technology,Senior Developer,Master,1.0,0.3,78666,40.3,0.3,5,80.9,92.7,4.4,6.9,Low,50,7,No,No
EMP-2302,26,Female,Technology,Cloud Architect,Bachelor,0.5,0.5,89195,48.0,8.0,5,94.9,99.8,4.3,4.0,Low,0,30,No,No
EMP-2303,24,Female,Marketing,Digital Marketing Specialist,Bachelor,3.0,2.5,86364,38.6,0.0,4,82.0,90.8,3.8,8.1,Low,20,10,No,No
EMP-2304,47,Male,Operations,Operations Associate,Master,0.8,0.6,59147,66.9,26.9,5,61.3,93.5,3.2,1.9,High,80,15,No,Yes
EMP-2305,40,Male,Operations,Operations Director,Bachelor,12.5,3.1,303338,52.0,12.0,8,57.9,96.1,3.2,1.6,High,80,42,No,Yes
EMP-2306,30,Male,Human Resources,HR Executive,Bachelor,9.0,6.8,183970,60.9,20.9,9,51.2,94.7,2.8,3.5,High,40,25,No,Yes
EMP-2307,35,Female,Technology,Data Scientist,Bachelor,5.4,4.8,139497,65.1,25.1,5,59.9,94.4,3.0,3.5,High,60,40,No,Yes
EMP-2308,25,Male,Operations,Logistics Coordinator,Bachelor,2.8,1.3,92885,58.5,18.5,6,66.9,87.3,3.2,6.4,High,40,20,No,Yes
EMP-2309,36,Male,Human Resources,HR Business Partner,Master,4.8,0.8,115237,42.0,2.0,2,97.4,87.1,4.3,7.6,Medium,100,15,Yes,No
EMP-2310,36,Male,Technology,DevOps Engineer,Master,1.7,1.5,97697,44.2,4.2,3,94.4,86.9,4.0,6.9,Low,50,29,No,No
EMP-2311,42,Other,Human Resources,Technical Recruiter,Bachelor,2.6,1.6,79637,48.0,8.0,4,86.2,84.9,3.0,7.0,Low,60,11,No,No
EMP-2312,36,Female,Marketing,Brand Manager,Bachelor,15.0,1.3,340108,47.9,7.9,5,88.6,94.4,4.3,7.9,Low,60,29,No,No
EMP-2313,26,Male,Technology,Data Scientist,Master,3.1,1.1,114540,45.8,5.8,3,86.2,88.7,3.3,6.4,High,60,11,No,No
EMP-2314,34,Male,Finance,Risk Manager,Bachelor,3.4,1.5,145486,41.6,1.6,2,82.4,83.7,4.0,8.1,Low,20,21,No,No
EMP-2315,30,Female,Operations,Supply Chain Analyst,Master,2.5,0.6,76223,42.8,2.8,2,96.4,88.3,4.3,9.0,Medium,0,20,No,No
EMP-2316,47,Female,Finance,Chartered Accountant,Master,12.2,0.9,242971,43.4,3.4,2,84.7,90.9,4.1,6.0,Low,60,4,No,No
EMP-2317,43,Male,Marketing,SEO Specialist,Bachelor,3.3,3.0,91979,43.3,3.3,2,91.7,94.6,4.3,8.3,Low,0,30,No,No
EMP-2318,32,Male,R&D,Innovation Lead,Bachelor,4.4,1.1,193714,60.5,20.5,11,60.2,82.2,3.4,5.4,Medium,40,50,No,No
EMP-2319,33,Female,Operations,Process Improvement Manager,Master,2.2,1.1,103734,52.3,12.3,6,87.7,99.8,4.3,5.1,High,60,33,No,Yes
EMP-2320,34,Female,R&D,Product Designer,Bachelor,6.2,3.2,158555,49.5,9.5,10,75.0,97.7,3.4,2.0,Medium,50,55,No,Yes
EMP-2321,27,Female,Technology,Data Scientist,Master,3.4,2.6,109728,42.9,2.9,2,86.3,99.8,4.4,6.9,Low,100,39,No,No
EMP-2322,40,Female,Technology,Tech Lead,Master,0.5,0.2,99063,39.8,0.0,5,71.3,98.0,3.6,7.8,Low,40,15,No,No
EMP-2323,21,Male,Technology,Data Scientist,Bachelor,0.5,0.4,77779,66.6,26.6,11,67.0,92.3,3.6,3.1,High,20,27,No,Yes
EMP-2324,45,Male,Operations,Supply Chain Analyst,Bachelor,4.7,2.6,104258,51.7,11.7,9,73.2,99.6,3.6,1.0,High,50,22,No,No
EMP-2325,33,Male,Finance,Investment Analyst,Bachelor,2.9,1.6,104883,47.0,7.0,3,71.3,90.2,3.2,8.5,Low,20,43,No,No
EMP-2326,29,Male,Sales,Account Executive,Bachelor,2.4,2.3,93664,43.3,3.3,4,93.0,89.8,4.9,6.3,Low,100,34,No,No
EMP-2327,39,Male,Technology,Software Engineer,Bachelor,12.6,2.2,244578,38.0,0.0,3,90.7,84.3,4.1,6.4,Low,80,30,No,No
EMP-2328,37,Female,Finance,Financial Analyst,Bachelor,2.8,0.3,95963,43.9,3.9,5,83.6,95.7,3.9,6.1,Low,40,15,Yes,No
EMP-2329,27,Male,Customer Support,Customer Success Manager,Bachelor,6.0,2.6,173060,39.9,0.0,4,90.2,99.8,4.3,8.4,Low,80,4,No,Yes
EMP-2330,21,Female,Sales,Account Executive,Bachelor,0.5,0.5,59463,44.7,4.7,5,100.0,97.6,4.5,5.7,Low,80,5,No,Yes
EMP-2331,29,Male,Marketing,Brand Manager,Bachelor,8.0,4.4,220606,38.6,0.0,2,86.8,90.3,4.2,8.8,Low,40,28,No,No
EMP-2332,21,Male,R&D,Product Designer,Bachelor,0.5,0.2,78478,39.9,0.0,3,80.4,90.6,3.3,8.9,Low,50,33,No,No
EMP-2333,38,Female,Marketing,Digital Marketing Specialist,Bachelor,8.6,0.4,188438,38.0,0.0,2,82.9,88.6,4.1,6.3,Low,80,20,No,No
EMP-2334,37,Female,Operations,Operations Associate,Bachelor,14.5,6.8,252095,40.6,0.6,3,78.6,91.7,3.6,8.0,Medium,0,16,No,No
EMP-2335,38,Male,Sales,Regional Sales Manager,Bachelor,3.2,1.8,146213,45.3,5.3,2,79.2,98.5,4.0,5.5,Medium,40,32,Yes,No
EMP-2336,44,Female,Marketing,Growth Marketing Manager,Bachelor,1.7,0.5,99006,46.9,6.9,4,70.1,97.5,3.7,8.1,Low,20,50,No,No
EMP-2337,32,Male,Operations,Logistics Coordinator,Bachelor,0.5,0.4,58413,67.8,27.8,7,68.4,99.3,3.1,5.5,High,50,19,No,Yes
EMP-2338,30,Female,Sales,Enterprise Sales Lead,Master,1.2,1.0,102404,54.1,14.1,10,83.2,94.6,3.9,2.8,High,20,26,No,Yes
EMP-2339,28,Male,Human Resources,HR Executive,Bachelor,1.0,0.9,64120,50.1,10.1,6,68.0,92.2,3.0,1.0,High,20,14,No,Yes
EMP-2340,34,Female,Marketing,Growth Marketing Manager,Bachelor,3.5,2.7,149989,46.8,6.8,4,85.7,88.4,3.7,8.9,Medium,50,22,No,No
EMP-2341,36,Male,Sales,Account Executive,Diploma,3.0,0.7,91601,48.0,8.0,5,100.0,99.8,4.8,8.5,Medium,0,16,No,No
EMP-2342,24,Female,R&D,Innovation Lead,Master,0.8,0.4,114933,40.4,0.4,4,80.2,94.3,3.3,7.6,Medium,40,33,No,No
EMP-2343,44,Male,Operations,Operations Director,Bachelor,1.7,1.2,74455,43.8,3.8,4,78.5,99.4,3.9,8.0,Low,60,9,No,No
EMP-2344,40,Male,Marketing,Brand Manager,Master,7.1,1.9,203550,43.4,3.4,5,76.9,92.6,3.3,4.7,Low,40,24,No,No
EMP-2345,35,Male,Sales,Regional Sales Manager,Master,2.5,1.8,123545,32.0,0.0,1,82.2,99.8,4.1,9.3,Low,50,33,No,No
EMP-2346,29,Male,Operations,Operations Associate,Bachelor,6.2,3.2,129452,63.1,23.1,5,93.1,90.1,3.9,7.5,High,60,36,No,Yes
EMP-2347,31,Male,Sales,Sales Executive,Master,10.0,6.1,205279,43.3,3.3,4,92.6,97.4,3.9,3.0,Medium,60,34,No,No
EMP-2348,31,Male,Technology,Software Engineer,Bachelor,10.0,5.1,215262,38.7,0.0,4,79.3,93.8,3.5,4.9,Low,40,10,No,Yes
EMP-2349,30,Male,Marketing,Digital Marketing Specialist,Bachelor,4.7,1.6,116007,39.3,0.0,4,100.0,86.2,4.7,5.4,Low,50,32,No,No
EMP-2350,25,Female,Operations,Logistics Coordinator,Master,2.6,0.7,67456,46.9,6.9,5,97.2,91.1,4.5,7.6,Low,80,19,No,No
EMP-2351,27,Female,Human Resources,Compensation & Benefits Specialist,Bachelor,5.2,1.1,116811,40.8,0.8,5,85.4,99.8,4.0,7.8,Low,20,24,No,Yes
EMP-2352,41,Female,R&D,Product Designer,Bachelor,6.7,5.5,159373,43.1,3.1,4,91.9,93.8,4.0,4.3,Medium,50,24,No,No
EMP-2353,32,Male,Customer Support,Customer Support Specialist,Bachelor,1.6,1.0,67326,43.0,3.0,2,93.7,87.5,3.9,6.6,Low,60,28,No,No
EMP-2354,24,Female,Sales,Account Executive,Bachelor,2.8,2.4,104754,48.0,8.0,4,86.1,84.3,3.9,7.1,Low,60,29,No,No
EMP-2355,23,Female,Operations,Logistics Coordinator,Bachelor,2.0,0.3,71529,42.8,2.8,5,83.4,99.8,3.9,6.0,Low,100,51,No,No
EMP-2356,28,Female,Operations,Operations Associate,Master,7.0,3.2,137865,54.8,14.8,8,80.4,91.3,4.0,6.7,High,60,33,No,Yes
EMP-2357,34,Male,Operations,Logistics Coordinator,Bachelor,9.1,6.0,178359,39.5,0.0,5,99.2,94.6,4.4,7.2,Low,0,16,No,No
EMP-2358,32,Male,Marketing,Digital Marketing Specialist,Master,2.0,1.6,84091,42.3,2.3,5,86.6,91.8,4.2,7.8,Medium,50,14,No,No
EMP-2359,29,Female,Technology,Cloud Architect,Bachelor,2.6,1.1,143532,41.2,1.2,2,84.9,95.3,4.3,5.7,Low,50,15,No,No
EMP-2360,21,Male,R&D,Innovation Lead,Bachelor,0.5,0.5,114505,46.7,6.7,5,82.2,88.1,3.6,9.0,Medium,60,29,No,No
EMP-2361,27,Male,Sales,Business Development Associate,Bachelor,0.7,0.3,49548,62.4,22.4,8,65.4,89.5,2.9,5.4,High,40,4,No,No
EMP-2362,33,Other,R&D,Product Designer,Bachelor,1.9,0.5,99251,45.1,5.1,3,96.4,84.5,4.5,6.5,Low,50,35,Yes,No
EMP-2363,27,Female,Finance,Payroll Specialist,Master,3.0,0.7,107802,39.6,0.0,3,84.8,99.8,4.5,5.5,Medium,50,20,No,No
EMP-2364,27,Female,Finance,Risk Manager,Bachelor,6.0,2.7,201313,45.5,5.5,5,91.7,98.2,4.3,6.6,Low,0,4,No,No
EMP-2365,31,Male,Technology,Software Engineer,Bachelor,2.1,0.9,100993,42.4,2.4,2,97.0,92.8,4.4,7.0,Low,40,30,No,No
EMP-2366,39,Male,Customer Support,Technical Support Engineer,Bachelor,18.0,5.5,294071,34.5,0.0,1,87.2,91.2,3.4,8.8,Low,80,8,No,No
EMP-2367,40,Female,Operations,Supply Chain Analyst,Bachelor,16.5,8.4,276697,41.5,1.5,2,81.6,95.3,3.9,4.7,Low,20,43,No,No
EMP-2368,36,Female,Operations,Supply Chain Analyst,Master,6.4,1.0,131359,40.0,0.0,3,94.3,82.4,3.5,5.0,High,60,22,No,No
EMP-2369,42,Male,Finance,Risk Manager,Diploma,5.5,5.4,187178,49.8,9.8,6,74.0,99.2,3.6,4.1,High,80,38,No,No
EMP-2370,34,Other,Finance,Financial Analyst,Bachelor,7.2,5.9,162886,60.0,20.0,10,74.4,90.7,3.4,4.0,Medium,60,10,No,Yes
EMP-2371,24,Male,Technology,Cloud Architect,Bachelor,3.0,1.5,152963,38.0,0.0,3,86.2,92.5,4.6,6.3,Low,100,25,No,No
EMP-2372,39,Male,Human Resources,Compensation & Benefits Specialist,Master,5.9,2.0,129394,63.3,23.3,7,96.0,97.1,4.3,4.0,High,20,42,No,Yes
EMP-2373,23,Male,Sales,Enterprise Sales Lead,Master,0.5,0.5,65369,46.0,6.0,2,87.4,93.2,4.1,6.1,Medium,20,21,No,No
EMP-2374,25,Male,Sales,Enterprise Sales Lead,Master,0.5,0.4,88109,54.6,14.6,7,77.4,90.8,3.2,6.1,High,20,30,No,Yes
EMP-2375,25,Male,Technology,Cloud Architect,Master,4.0,2.1,155331,38.0,0.0,3,88.1,87.8,3.8,8.6,Low,0,46,No,No
EMP-2376,28,Male,Sales,Enterprise Sales Lead,Bachelor,7.0,4.6,205474,47.7,7.7,2,97.5,89.1,4.9,6.5,Medium,0,8,No,No
EMP-2377,31,Male,Technology,Tech Lead,Master,1.9,1.6,124560,30.1,0.0,1,82.7,89.1,4.1,7.3,Low,60,18,No,Yes
EMP-2378,32,Male,Operations,Supply Chain Analyst,Bachelor,0.5,0.2,46332,41.3,1.3,4,91.9,99.8,4.7,7.8,Low,100,9,No,No
EMP-2379,44,Female,Technology,DevOps Engineer,Bachelor,14.9,4.2,274844,41.1,1.1,5,94.5,89.4,4.1,6.9,High,0,22,No,Yes
EMP-2380,23,Male,Sales,Sales Executive,Bachelor,2.0,0.7,80693,43.0,3.0,4,96.2,89.8,3.9,4.9,High,80,4,No,Yes
EMP-2381,26,Other,Finance,Investment Analyst,Master,4.0,1.9,112342,39.7,0.0,4,79.6,87.6,3.9,6.3,Low,60,23,No,No
EMP-2382,37,Female,Technology,Software Engineer,Master,2.0,1.9,93485,46.6,6.6,3,88.3,90.6,4.7,7.7,Low,50,4,No,No
EMP-2383,30,Male,R&D,Product Designer,Bachelor,1.3,0.9,73326,33.1,0.0,1,82.9,88.5,3.7,8.0,Low,80,32,No,Yes
EMP-2384,25,Male,Technology,DevOps Engineer,Master,4.0,3.1,124600,48.0,8.0,4,100.0,95.9,4.2,3.3,Low,50,12,No,Yes
EMP-2385,27,Female,R&D,Product Designer,PhD,6.0,5.3,162037,57.2,17.2,6,80.2,93.8,3.7,5.7,High,40,24,No,Yes
EMP-2386,41,Male,Human Resources,Compensation & Benefits Specialist,Bachelor,10.4,4.1,193548,59.8,19.8,9,86.6,90.2,3.9,5.4,High,60,27,No,No
EMP-2387,40,Female,Operations,Operations Associate,Bachelor,12.4,12.1,227495,33.9,0.0,2,72.7,89.6,3.3,7.2,Low,50,22,No,No
EMP-2388,30,Male,Finance,Chartered Accountant,PhD,4.1,3.3,113074,40.4,0.4,2,80.1,96.3,3.8,6.7,Medium,100,14,No,No
EMP-2389,23,Male,Finance,Financial Analyst,Master,2.0,0.3,87045,48.0,8.0,3,83.3,99.7,3.9,5.1,Low,50,17,No,No
EMP-2390,38,Female,Marketing,SEO Specialist,Bachelor,1.8,0.9,62957,50.0,10.0,9,85.5,91.5,3.3,7.4,High,60,20,No,No
EMP-2391,29,Male,Marketing,Content Strategist,Bachelor,8.0,6.6,166685,28.3,0.0,1,80.7,86.1,3.4,7.3,Low,100,30,No,No
EMP-2392,23,Female,Finance,Payroll Specialist,Diploma,1.1,0.9,66895,40.1,0.1,3,84.3,87.3,3.6,7.6,Medium,50,21,No,No
EMP-2393,41,Male,Sales,Business Development Associate,Master,6.9,5.1,154317,59.1,19.1,11,86.2,99.4,4.0,5.3,High,60,30,Yes,Yes
EMP-2394,35,Female,Technology,QA Automation Engineer,Bachelor,4.8,4.0,132378,42.0,2.0,3,81.8,93.8,4.0,6.8,Medium,80,34,No,No
EMP-2395,38,Other,Sales,Regional Sales Manager,Master,5.4,1.9,161865,43.5,3.5,2,73.2,96.2,4.1,10.0,Low,100,11,No,No
EMP-2396,25,Female,Marketing,Digital Marketing Specialist,Bachelor,0.5,0.3,64787,43.8,3.8,5,85.3,93.5,3.7,5.6,Low,40,11,No,No
EMP-2397,24,Female,Technology,DevOps Engineer,Bachelor,1.1,0.3,90498,42.9,2.9,2,80.8,96.2,3.3,6.1,Low,0,7,No,No
EMP-2398,27,Female,Sales,Account Executive,Diploma,6.0,0.8,136337,42.8,2.8,3,96.1,93.2,3.9,5.7,Low,60,26,No,No
EMP-2399,31,Male,Operations,Supply Chain Analyst,Master,0.5,0.5,45656,43.8,3.8,2,82.0,99.8,4.0,7.1,Low,20,30,No,No
EMP-2400,31,Male,Technology,Senior Developer,Master,6.1,1.2,159398,56.9,16.9,6,73.8,99.8,3.9,2.8,Medium,60,37,No,Yes
EMP-2401,30,Male,Human Resources,HR Business Partner,Diploma,7.9,2.1,159655,41.9,1.9,3,100.0,87.1,4.6,5.6,Low,60,24,No,No
EMP-2402,36,Female,Technology,Tech Lead,Bachelor,1.2,0.7,101047,46.1,6.1,3,100.0,83.3,4.4,7.7,Low,80,14,No,No
EMP-2403,41,Male,Operations,Process Improvement Manager,Master,17.0,11.9,382079,38.0,0.0,3,90.6,89.1,4.5,7.9,Medium,60,19,Yes,No
EMP-2404,29,Female,Sales,Business Development Associate,Master,7.2,0.6,145874,37.1,0.0,1,92.0,87.6,4.3,9.0,Low,20,11,No,No
EMP-2405,35,Female,Finance,Chartered Accountant,Master,4.5,4.3,125892,65.1,25.1,7,82.2,87.1,3.7,4.4,High,0,4,No,Yes
EMP-2406,25,Male,Technology,Data Scientist,Bachelor,2.8,1.5,107046,65.9,25.9,8,74.2,89.5,4.1,1.3,High,0,14,No,Yes
EMP-2407,23,Male,Sales,Business Development Associate,Master,2.0,0.8,80610,38.5,0.0,5,78.3,88.6,3.5,5.2,Low,40,27,No,No
EMP-2408,24,Male,Finance,Chartered Accountant,Master,3.0,0.5,97410,46.7,6.7,3,95.5,89.7,4.4,6.3,Low,60,29,No,No
EMP-2409,26,Female,Sales,Regional Sales Manager,Bachelor,2.1,2.1,125038,45.1,5.1,2,95.0,99.8,4.0,7.4,Medium,60,23,No,No
EMP-2410,21,Male,R&D,AI/ML Research Engineer,Master,0.5,0.3,74985,45.6,5.6,3,74.4,92.7,3.7,7.6,Low,80,30,No,No
EMP-2411,33,Female,Operations,Logistics Coordinator,Master,6.4,0.6,134875,42.5,2.5,5,90.5,93.7,4.0,8.2,Low,0,15,No,No
EMP-2412,40,Male,Technology,Data Scientist,Bachelor,1.0,0.5,85923,67.5,27.5,8,74.8,92.0,3.5,3.9,High,50,41,No,Yes
EMP-2413,23,Female,Technology,DevOps Engineer,Bachelor,2.0,0.9,85558,42.8,2.8,5,85.1,87.7,4.0,6.5,Low,0,19,No,No
EMP-2414,25,Male,R&D,Innovation Lead,Master,2.2,1.5,130654,34.1,0.0,2,65.8,82.8,3.4,5.2,Low,60,41,No,No
EMP-2415,38,Female,Operations,Process Improvement Manager,Bachelor,0.5,0.4,52949,43.4,3.4,2,76.6,90.7,3.2,8.3,High,50,29,No,Yes
EMP-2416,24,Male,Operations,Logistics Coordinator,Master,2.6,1.6,69745,59.9,19.9,8,65.2,99.8,3.6,1.2,Medium,40,39,No,No
EMP-2417,26,Male,Human Resources,HR Business Partner,Bachelor,1.8,1.5,56340,36.0,0.0,2,73.3,91.9,3.6,6.0,Low,40,10,No,No
EMP-2418,35,Other,Marketing,Digital Marketing Specialist,Bachelor,4.6,3.9,118288,41.1,1.1,3,86.4,95.6,4.1,5.5,Low,0,27,No,No
EMP-2419,34,Female,Technology,Tech Lead,Bachelor,11.0,1.7,307582,48.0,8.0,4,93.6,94.0,4.0,7.0,Low,80,30,Yes,No
EMP-2420,27,Female,Customer Support,Customer Success Manager,Master,6.0,4.3,140499,37.0,0.0,2,92.8,99.8,4.5,6.4,Low,80,9,Yes,No
EMP-2421,36,Male,Operations,Operations Director,Master,1.0,0.9,79624,46.6,6.6,4,92.7,97.2,4.4,5.4,Low,0,8,No,No
EMP-2422,24,Female,Finance,Investment Analyst,Bachelor,0.6,0.4,71801,62.2,22.2,8,83.6,85.4,4.1,3.4,High,100,25,No,Yes
EMP-2423,35,Female,Sales,Business Development Associate,Bachelor,0.5,0.4,62757,44.3,4.3,5,79.7,91.2,3.4,5.2,Low,100,32,No,No
EMP-2424,25,Male,Finance,Chartered Accountant,Bachelor,1.5,0.8,87186,38.5,0.0,3,84.3,98.7,3.6,5.9,Low,0,39,No,No
EMP-2425,38,Male,Technology,Software Engineer,Master,7.8,3.8,176564,40.5,0.5,3,95.1,95.7,4.3,8.8,Low,50,4,Yes,No
EMP-2426,29,Male,Finance,Financial Analyst,Bachelor,7.3,1.4,174924,46.5,6.5,4,92.4,97.7,4.5,5.7,Low,20,20,No,No
EMP-2427,39,Male,Marketing,Digital Marketing Specialist,Master,0.5,0.2,58326,38.4,0.0,4,93.8,86.9,3.6,7.3,Medium,40,48,No,No
EMP-2428,24,Female,R&D,Innovation Lead,Bachelor,0.5,0.4,110500,49.9,9.9,6,57.8,91.5,3.2,3.2,Medium,40,37,Yes,No
EMP-2429,30,Male,Technology,Cloud Architect,Master,0.5,0.3,107708,45.4,5.4,3,88.5,90.3,3.8,4.8,Low,0,12,No,No
EMP-2430,35,Male,Operations,Operations Associate,Master,1.5,0.3,58519,38.9,0.0,5,83.9,90.2,4.2,6.3,Low,20,24,No,No
EMP-2431,36,Male,Sales,Business Development Associate,Bachelor,12.8,5.4,233310,39.5,0.0,3,87.5,93.1,3.7,8.5,Low,60,22,No,No
EMP-2432,32,Male,Marketing,Content Strategist,Bachelor,2.0,1.7,80546,41.0,1.0,4,82.0,84.9,4.0,9.5,High,50,20,No,No
EMP-2433,30,Male,Technology,Senior Developer,Master,2.9,1.7,103415,51.3,11.3,6,56.1,92.8,2.9,4.2,Medium,20,4,No,No
EMP-2434,28,Male,Operations,Operations Director,Bachelor,7.0,6.3,201615,66.5,26.5,11,96.0,94.2,4.2,5.7,Medium,20,22,No,No
EMP-2435,31,Female,Marketing,SEO Specialist,Bachelor,5.1,3.5,128647,40.5,0.5,2,85.5,94.2,4.2,5.4,Low,40,33,Yes,No
EMP-2436,26,Other,Finance,Investment Analyst,Master,3.9,0.3,108832,64.4,24.4,8,53.4,92.4,3.0,2.9,High,60,4,No,No
EMP-2437,28,Female,Customer Support,Customer Support Specialist,Bachelor,4.6,2.6,114387,35.7,0.0,2,97.2,97.6,4.8,5.9,Low,100,31,No,No
EMP-2438,29,Male,Technology,QA Automation Engineer,Bachelor,1.2,1.2,74931,33.3,0.0,2,85.0,80.1,3.1,4.7,Low,100,48,No,No
EMP-2439,35,Male,Operations,Operations Director,Bachelor,1.7,0.3,97652,38.0,0.0,3,85.1,99.8,4.1,6.5,Low,60,12,No,No
EMP-2440,41,Female,Finance,Investment Analyst,Bachelor,4.9,4.3,137429,44.7,4.7,3,92.4,94.4,4.0,10.0,Low,80,11,Yes,No
EMP-2441,34,Female,Technology,Cloud Architect,PhD,2.6,1.1,121138,38.0,0.0,5,91.4,86.4,4.1,6.8,Low,0,16,No,No
EMP-2442,34,Female,Technology,Cloud Architect,Bachelor,4.2,3.4,176652,46.2,6.2,4,80.4,91.3,4.0,7.6,Low,40,19,No,No
EMP-2443,23,Male,Operations,Process Improvement Manager,Diploma,2.0,0.5,99152,38.5,0.0,5,83.9,95.3,3.8,5.7,Low,80,27,No,No
EMP-2444,21,Male,Customer Support,Customer Success Manager,Bachelor,0.5,0.3,58567,38.0,0.0,5,91.2,90.1,4.5,5.4,Low,0,6,No,No
EMP-2445,29,Male,Marketing,Digital Marketing Specialist,Master,2.1,1.6,84046,48.0,8.0,3,89.4,92.2,4.0,6.4,Low,50,4,No,No
EMP-2446,26,Female,R&D,Innovation Lead,PhD,5.0,3.1,204631,46.9,6.9,4,88.2,95.9,4.0,6.5,Medium,50,27,No,No
EMP-2447,23,Male,Customer Support,Support Team Lead,Bachelor,2.0,1.7,92279,40.4,0.4,5,95.5,87.9,3.9,6.5,Low,40,32,No,No
EMP-2448,25,Female,R&D,Innovation Lead,Bachelor,1.6,0.5,117628,40.9,0.9,5,92.0,87.4,4.2,8.2,Low,100,16,No,No
EMP-2449,33,Female,Sales,Enterprise Sales Lead,Bachelor,0.5,0.4,87886,45.6,5.6,5,88.8,94.2,4.0,4.1,Low,80,12,No,No
EMP-2450,31,Male,Sales,Account Executive,Bachelor,5.1,2.5,121642,45.0,5.0,5,87.6,94.4,4.2,7.9,Low,20,27,Yes,No
EMP-2451,21,Male,Marketing,Content Strategist,Master,0.5,0.4,48424,44.4,4.4,4,72.6,90.2,3.6,5.9,Low,50,10,No,Yes
EMP-2452,31,Male,Technology,Software Engineer,PhD,2.0,0.3,93617,42.5,2.5,2,72.3,88.6,3.5,7.4,Low,80,39,No,No
EMP-2453,31,Male,Technology,Senior Developer,Bachelor,10.0,2.0,200924,44.5,4.5,5,92.7,87.6,3.7,7.3,Low,50,27,No,No
EMP-2454,24,Male,R&D,AI/ML Research Engineer,PhD,3.0,2.2,118237,39.4,0.0,2,82.3,80.3,3.3,5.3,High,40,19,No,Yes
EMP-2455,31,Male,Technology,Senior Developer,Bachelor,7.9,7.7,177952,42.5,2.5,2,88.9,88.7,4.2,6.0,Low,50,40,No,No
EMP-2456,36,Male,Technology,Software Engineer,Master,8.3,4.4,182050,44.2,4.2,4,71.6,94.6,3.8,6.0,Low,0,25,No,No
EMP-2457,33,Female,Operations,Logistics Coordinator,Bachelor,7.2,1.9,147344,64.6,24.6,11,80.2,94.8,4.1,4.7,High,60,30,No,No
EMP-2458,25,Male,Sales,Sales Executive,Bachelor,4.0,2.2,103484,38.0,0.0,3,96.0,83.0,4.2,8.7,Low,100,24,Yes,No
EMP-2459,25,Female,Technology,QA Automation Engineer,Bachelor,4.0,2.6,127371,46.6,6.6,5,91.9,90.5,4.1,6.4,Low,100,30,No,No
EMP-2460,33,Other,Marketing,SEO Specialist,Bachelor,8.1,4.3,150776,41.2,1.2,3,100.0,93.4,4.9,8.5,Medium,40,11,No,No
EMP-2461,34,Female,Technology,Data Scientist,Bachelor,0.7,0.6,76868,33.8,0.0,1,80.3,88.7,3.9,7.5,Low,20,31,No,No
EMP-2462,32,Male,Finance,Payroll Specialist,Bachelor,3.0,2.0,105837,40.0,0.0,4,91.6,99.8,4.1,9.1,Medium,100,26,No,No
EMP-2463,35,Male,Technology,Software Engineer,Master,2.7,0.4,91204,40.0,0.0,5,78.7,99.6,4.2,5.0,Low,20,23,No,No
EMP-2464,21,Male,Marketing,Brand Manager,Master,0.5,0.4,79577,46.7,6.7,5,80.4,86.4,3.5,6.7,Low,0,18,No,No
EMP-2465,32,Male,Operations,Supply Chain Analyst,Master,9.8,2.5,189136,62.3,22.3,11,72.2,87.7,3.5,3.0,Medium,50,35,No,Yes
EMP-2466,21,Female,Technology,DevOps Engineer,Master,0.5,0.4,72241,55.3,15.3,11,75.7,99.8,4.2,7.5,High,40,28,Yes,Yes
EMP-2467,27,Female,Technology,DevOps Engineer,Bachelor,3.4,3.1,123786,32.3,0.0,1,73.8,96.5,3.2,5.4,Low,80,6,No,No
EMP-2468,30,Male,Customer Support,Customer Support Specialist,Master,3.9,1.9,88560,43.5,3.5,4,87.1,93.2,3.4,6.1,Low,0,26,No,No
EMP-2469,41,Male,Technology,Senior Developer,Bachelor,1.3,0.4,75527,52.9,12.9,5,84.7,93.2,3.7,3.9,High,60,20,No,No
EMP-2470,21,Male,Marketing,SEO Specialist,Master,0.5,0.4,64881,38.0,0.0,4,90.0,94.6,4.5,6.1,Low,60,56,No,No
EMP-2471,26,Male,Technology,Software Engineer,Bachelor,2.4,0.4,103977,33.2,0.0,2,84.9,92.7,4.0,5.9,Low,80,44,No,No
EMP-2472,41,Female,Sales,Account Executive,Bachelor,5.3,4.5,120941,46.6,6.6,2,98.5,87.7,4.6,4.9,High,80,19,No,Yes
EMP-2473,31,Male,Finance,Financial Analyst,Bachelor,3.7,2.0,109692,42.2,2.2,5,89.0,98.1,4.4,7.1,Low,80,25,No,No
EMP-2474,28,Male,Marketing,Content Strategist,Bachelor,0.5,0.4,51383,44.0,4.0,3,81.1,95.3,3.9,5.1,Medium,60,13,No,No
EMP-2475,30,Female,R&D,Research Scientist,Master,2.8,2.5,120186,42.6,2.6,3,87.3,85.1,3.4,5.8,Low,60,24,Yes,No
EMP-2476,28,Male,Sales,Sales Executive,Master,7.0,5.6,165841,64.6,24.6,10,89.8,94.0,4.4,6.8,High,80,7,Yes,No
EMP-2477,24,Female,Finance,Chartered Accountant,Diploma,3.0,1.4,103128,38.6,0.0,5,84.7,96.9,4.3,8.0,Low,0,31,No,No
EMP-2478,43,Male,Marketing,Brand Manager,Master,0.8,0.8,71730,34.0,0.0,2,82.1,90.7,3.6,6.0,Low,20,13,No,No
EMP-2479,26,Female,Operations,Process Improvement Manager,Bachelor,5.0,4.3,146994,35.2,0.0,2,93.8,96.0,4.5,5.0,Low,20,18,No,No
EMP-2480,32,Female,Sales,Sales Executive,Bachelor,9.9,4.8,187141,38.0,0.0,3,90.7,95.6,4.7,5.8,Low,100,31,No,No
EMP-2481,29,Male,Technology,Tech Lead,Master,1.8,0.3,121162,51.1,11.1,8,64.4,92.9,2.9,7.5,High,0,30,No,Yes
EMP-2482,21,Male,Operations,Operations Associate,Bachelor,0.5,0.3,48832,48.0,8.0,3,91.1,90.9,3.9,5.7,Medium,0,54,No,No
EMP-2483,35,Male,Technology,Software Engineer,Bachelor,8.0,7.3,179008,44.2,4.2,4,74.8,93.3,3.8,8.3,Low,0,46,No,No
EMP-2484,21,Female,Marketing,Digital Marketing Specialist,Master,0.5,0.2,49833,45.2,5.2,3,81.6,97.9,3.9,7.6,High,50,6,No,No
EMP-2485,30,Female,Finance,Financial Analyst,Master,1.8,0.2,89904,29.7,0.0,2,81.6,92.6,3.5,7.9,Low,80,11,No,No
EMP-2486,33,Male,Sales,Regional Sales Manager,Master,0.8,0.5,77242,42.7,2.7,4,93.9,94.2,4.2,7.6,Low,40,17,No,No
EMP-2487,37,Female,Technology,DevOps Engineer,Bachelor,4.2,2.7,122215,65.4,25.4,11,96.0,92.5,4.5,4.5,High,50,27,Yes,No
EMP-2488,22,Female,Operations,Operations Director,Bachelor,1.0,0.6,80779,38.0,0.0,4,81.9,99.6,3.6,5.9,High,20,37,No,No
EMP-2489,26,Female,Operations,Operations Director,Bachelor,5.0,1.0,139804,67.5,27.5,9,77.8,91.6,3.9,3.7,High,60,18,No,No
EMP-2490,35,Male,Operations,Operations Director,Bachelor,2.6,1.3,108263,57.4,17.4,8,47.3,97.6,3.3,5.2,Medium,50,11,No,No
EMP-2491,32,Female,Technology,Senior Developer,Master,1.9,0.3,93571,40.6,0.6,4,80.2,94.0,3.9,9.1,Low,50,53,Yes,No
EMP-2492,25,Female,Sales,Enterprise Sales Lead,Master,4.0,1.1,138917,44.1,4.1,4,84.6,85.2,3.4,4.4,Medium,60,18,No,No
EMP-2493,31,Male,Finance,Investment Analyst,Bachelor,3.9,1.1,107979,40.7,0.7,2,88.7,90.1,3.7,4.1,Low,100,20,No,No
EMP-2494,34,Female,Marketing,SEO Specialist,Master,4.4,2.1,115678,38.0,0.0,4,84.2,88.2,3.8,9.1,Low,80,35,No,No
EMP-2495,23,Male,Operations,Process Improvement Manager,Bachelor,2.0,1.2,79085,60.7,20.7,9,65.5,90.2,3.3,6.2,Medium,50,35,No,No
EMP-2496,33,Male,Technology,Data Scientist,PhD,1.1,0.6,86138,42.6,2.6,5,86.6,82.9,4.0,8.8,Low,60,34,No,No
EMP-2497,40,Male,Sales,Sales Executive,PhD,12.8,1.0,224932,39.7,0.0,4,74.6,95.2,2.7,7.4,Medium,0,4,No,No
EMP-2498,23,Male,Technology,Data Scientist,Bachelor,1.0,0.7,81525,43.1,3.1,3,80.6,94.4,3.6,6.3,Low,20,34,No,No
EMP-2499,34,Male,Human Resources,Compensation & Benefits Specialist,Bachelor,13.0,9.7,232954,38.3,0.0,2,90.3,92.7,4.0,5.5,Low,80,8,Yes,No
EMP-2500,45,Male,Technology,Tech Lead,Master,3.4,0.6,148567,62.5,22.5,7,82.1,97.0,3.7,2.9,High,50,20,No,Yes
